time,open,high,low,close,volume
2026-06-14 00:00:00,1.1,1.10044,1.09901,1.09902,2929
2026-06-14 00:01:00,1.09902,1.09914,1.09834,1.09837,2278
2026-06-14 00:02:00,1.09837,1.09885,1.09667,1.09711,2928
2026-06-14 00:03:00,1.09711,1.10008,1.09614,1.09916,1878
2026-06-14 00:04:00,1.09916,1.09949,1.09916,1.09938,564
2026-06-14 00:05:00,1.09938,1.10128,1.09861,1.10096,4753
2026-06-14 00:06:00,1.10096,1.10145,1.10084,1.10131,4634
2026-06-14 00:07:00,1.10131,1.10145,1.10129,1.10142,591
2026-06-14 00:08:00,1.10142,1.10153,1.10139,1.10152,4625
2026-06-14 00:09:00,1.10152,1.10187,1.0997,1.10021,589
2026-06-14 00:10:00,1.10021,1.10143,1.09993,1.10142,2974
2026-06-14 00:11:00,1.10142,1.10233,1.10107,1.10217,678
2026-06-14 00:12:00,1.10217,1.10416,1.10217,1.10378,4735
2026-06-14 00:13:00,1.10378,1.10419,1.10361,1.10412,528
2026-06-14 00:14:00,1.10412,1.10638,1.1035,1.10598,4579
2026-06-14 00:15:00,1.10598,1.10713,1.10577,1.1068,3206
2026-06-14 00:16:00,1.1068,1.10713,1.10667,1.1071,2436
2026-06-14 00:17:00,1.1071,1.11018,1.10702,1.10919,2559
2026-06-14 00:18:00,1.10919,1.10932,1.10835,1.10841,275
2026-06-14 00:19:00,1.10841,1.11167,1.10743,1.11061,3497
2026-06-14 00:20:00,1.11061,1.11064,1.11043,1.11046,967
2026-06-14 00:21:00,1.11046,1.11051,1.10963,1.10971,273
2026-06-14 00:22:00,1.10971,1.1105,1.10955,1.11047,4104
2026-06-14 00:23:00,1.11047,1.11112,1.11036,1.11104,1685
2026-06-14 00:24:00,1.11104,1.11115,1.10965,1.10992,1840
2026-06-14 00:25:00,1.10992,1.11156,1.10968,1.11102,3654
2026-06-14 00:26:00,1.11102,1.11103,1.11021,1.11035,2571
2026-06-14 00:27:00,1.11035,1.11167,1.10995,1.11126,1123
2026-06-14 00:28:00,1.11126,1.11133,1.11082,1.11087,1087
2026-06-14 00:29:00,1.11087,1.11311,1.11039,1.11295,2757
2026-06-14 00:30:00,1.11295,1.11331,1.11165,1.11191,2528
2026-06-14 00:31:00,1.11191,1.11222,1.11033,1.11067,4200
2026-06-14 00:32:00,1.11067,1.11311,1.11006,1.11287,4672
2026-06-14 00:33:00,1.11287,1.11297,1.11149,1.11192,2047
2026-06-14 00:34:00,1.11192,1.11332,1.11153,1.1133,2837
2026-06-14 00:35:00,1.1133,1.11343,1.11328,1.1134,1898
2026-06-14 00:36:00,1.1134,1.11659,1.11296,1.11553,729
2026-06-14 00:37:00,1.11553,1.11576,1.11381,1.11399,329
2026-06-14 00:38:00,1.11399,1.11436,1.11385,1.11428,2755
2026-06-14 00:39:00,1.11428,1.11646,1.11364,1.11598,2954
2026-06-14 00:40:00,1.11598,1.11866,1.11579,1.1179,882
2026-06-14 00:41:00,1.1179,1.11815,1.1178,1.11814,4036
2026-06-14 00:42:00,1.11814,1.11828,1.11778,1.1178,2454
2026-06-14 00:43:00,1.1178,1.11841,1.11507,1.11565,564
2026-06-14 00:44:00,1.11565,1.11578,1.11415,1.11464,2037
2026-06-14 00:45:00,1.11464,1.11712,1.1138,1.11687,1523
2026-06-14 00:46:00,1.11687,1.11687,1.11412,1.11501,2460
2026-06-14 00:47:00,1.11501,1.11686,1.11475,1.11654,883
2026-06-14 00:48:00,1.11654,1.11671,1.115,1.11522,2040
2026-06-14 00:49:00,1.11522,1.11573,1.115,1.11571,1457
2026-06-14 00:50:00,1.11571,1.11582,1.11567,1.11581,4837
2026-06-14 00:51:00,1.11581,1.11675,1.11573,1.11663,1643
2026-06-14 00:52:00,1.11663,1.11854,1.11581,1.11826,287
2026-06-14 00:53:00,1.11826,1.11924,1.11809,1.11919,627
2026-06-14 00:54:00,1.11919,1.12174,1.11875,1.12109,4981
2026-06-14 00:55:00,1.12109,1.1221,1.11896,1.119,2287
2026-06-14 00:56:00,1.119,1.11974,1.1187,1.11971,4118
2026-06-14 00:57:00,1.11971,1.11997,1.1176,1.11795,3585
2026-06-14 00:58:00,1.11795,1.11826,1.11641,1.11654,1998
2026-06-14 00:59:00,1.11654,1.11889,1.11608,1.11843,3073
2026-06-14 01:00:00,1.11843,1.12102,1.11838,1.12055,2700
2026-06-14 01:01:00,1.12055,1.12108,1.11902,1.11927,689
2026-06-14 01:02:00,1.11927,1.12015,1.1162,1.11715,4374
2026-06-14 01:03:00,1.11715,1.12,1.11681,1.11918,1867
2026-06-14 01:04:00,1.11918,1.1195,1.11841,1.11845,4949
2026-06-14 01:05:00,1.11845,1.12165,1.11817,1.1206,3418
2026-06-14 01:06:00,1.1206,1.12067,1.11992,1.12006,500
2026-06-14 01:07:00,1.12006,1.12028,1.11837,1.11874,2843
2026-06-14 01:08:00,1.11874,1.11949,1.1185,1.11941,4226
2026-06-14 01:09:00,1.11941,1.11944,1.11902,1.11906,1038
2026-06-14 01:10:00,1.11906,1.11911,1.11848,1.11866,3550
2026-06-14 01:11:00,1.11866,1.11879,1.11676,1.11724,1470
2026-06-14 01:12:00,1.11724,1.1193,1.11676,1.11894,1614
2026-06-14 01:13:00,1.11894,1.11896,1.11887,1.11889,2968
2026-06-14 01:14:00,1.11889,1.11912,1.11819,1.11833,4213
2026-06-14 01:15:00,1.11833,1.11842,1.1183,1.11842,192
2026-06-14 01:16:00,1.11842,1.11843,1.11669,1.11677,1581
2026-06-14 01:17:00,1.11677,1.1169,1.11594,1.11618,743
2026-06-14 01:18:00,1.11618,1.1162,1.11589,1.11598,4366
2026-06-14 01:19:00,1.11598,1.11604,1.11595,1.11603,1916
2026-06-14 01:20:00,1.11603,1.11629,1.11506,1.11538,3282
2026-06-14 01:21:00,1.11538,1.11569,1.11337,1.11343,2819
2026-06-14 01:22:00,1.11343,1.11346,1.11326,1.11331,2691
2026-06-14 01:23:00,1.11331,1.11461,1.11269,1.11457,877
2026-06-14 01:24:00,1.11457,1.11619,1.11418,1.11577,2532
2026-06-14 01:25:00,1.11577,1.11795,1.11558,1.11729,248
2026-06-14 01:26:00,1.11729,1.11753,1.11721,1.11746,578
2026-06-14 01:27:00,1.11746,1.11773,1.11621,1.1165,1063
2026-06-14 01:28:00,1.1165,1.11842,1.11623,1.11792,4277
2026-06-14 01:29:00,1.11792,1.11801,1.11791,1.118,4986
2026-06-14 01:30:00,1.118,1.11837,1.11788,1.11836,3434
2026-06-14 01:31:00,1.11836,1.12009,1.1182,1.12003,1194
2026-06-14 01:32:00,1.12003,1.12069,1.11996,1.12056,3594
2026-06-14 01:33:00,1.12056,1.12134,1.12024,1.12131,3994
2026-06-14 01:34:00,1.12131,1.12204,1.12105,1.12197,1333
2026-06-14 01:35:00,1.12197,1.12206,1.12174,1.12175,3715
2026-06-14 01:36:00,1.12175,1.12243,1.11945,1.11959,4113
2026-06-14 01:37:00,1.11959,1.12248,1.11865,1.12172,4393
2026-06-14 01:38:00,1.12172,1.12186,1.12128,1.12133,4033
2026-06-14 01:39:00,1.12133,1.1242,1.12048,1.12327,4037
2026-06-14 01:40:00,1.12327,1.12342,1.1227,1.12284,2034
2026-06-14 01:41:00,1.12284,1.12404,1.12255,1.12384,2713
2026-06-14 01:42:00,1.12384,1.12427,1.12132,1.12214,4983
2026-06-14 01:43:00,1.12214,1.12378,1.12205,1.12338,838
2026-06-14 01:44:00,1.12338,1.1234,1.12089,1.12117,3907
2026-06-14 01:45:00,1.12117,1.12131,1.12072,1.12084,3634
2026-06-14 01:46:00,1.12084,1.12103,1.12027,1.12044,3627
2026-06-14 01:47:00,1.12044,1.12049,1.11823,1.1184,2342
2026-06-14 01:48:00,1.1184,1.12042,1.11775,1.12028,763
2026-06-14 01:49:00,1.12028,1.1203,1.11914,1.11919,4977
2026-06-14 01:50:00,1.11919,1.12013,1.11888,1.11986,209
2026-06-14 01:51:00,1.11986,1.12164,1.11932,1.12124,1754
2026-06-14 01:52:00,1.12124,1.12125,1.12109,1.12114,1135
2026-06-14 01:53:00,1.12114,1.12192,1.12113,1.12185,2481
2026-06-14 01:54:00,1.12185,1.12332,1.12155,1.12291,2708
2026-06-14 01:55:00,1.12291,1.12326,1.12158,1.12199,3555
2026-06-14 01:56:00,1.12199,1.1221,1.12195,1.12206,489
2026-06-14 01:57:00,1.12206,1.12227,1.12198,1.12226,4244
2026-06-14 01:58:00,1.12226,1.12236,1.12221,1.12236,4908
2026-06-14 01:59:00,1.12236,1.12276,1.12057,1.12103,2830
2026-06-14 02:00:00,1.12103,1.12118,1.12069,1.12072,2741
2026-06-14 02:01:00,1.12072,1.12177,1.12032,1.12162,3933
2026-06-14 02:02:00,1.12162,1.12362,1.12094,1.12314,2332
2026-06-14 02:03:00,1.12314,1.12361,1.12187,1.12213,3127
2026-06-14 02:04:00,1.12213,1.12424,1.12184,1.12362,4837
2026-06-14 02:05:00,1.12362,1.12521,1.12352,1.12478,2450
2026-06-14 02:06:00,1.12478,1.12513,1.12313,1.1234,1002
2026-06-14 02:07:00,1.1234,1.1236,1.12334,1.12354,553
2026-06-14 02:08:00,1.12354,1.12544,1.12325,1.12528,2988
2026-06-14 02:09:00,1.12528,1.12675,1.12483,1.12655,4603
2026-06-14 02:10:00,1.12655,1.1266,1.12637,1.1264,4417
2026-06-14 02:11:00,1.1264,1.12745,1.12632,1.12718,3378
2026-06-14 02:12:00,1.12718,1.12809,1.12717,1.12784,4000
2026-06-14 02:13:00,1.12784,1.12786,1.12539,1.12593,3823
2026-06-14 02:14:00,1.12593,1.12769,1.12567,1.12733,1457
2026-06-14 02:15:00,1.12733,1.12792,1.12712,1.12781,4620
2026-06-14 02:16:00,1.12781,1.12814,1.12646,1.12675,3831
2026-06-14 02:17:00,1.12675,1.12717,1.12668,1.12707,4642
2026-06-14 02:18:00,1.12707,1.12712,1.12705,1.1271,2585
2026-06-14 02:19:00,1.1271,1.12993,1.12651,1.129,1914
2026-06-14 02:20:00,1.129,1.12917,1.12755,1.12786,3305
2026-06-14 02:21:00,1.12786,1.12827,1.12645,1.12673,614
2026-06-14 02:22:00,1.12673,1.12764,1.12644,1.12754,4800
2026-06-14 02:23:00,1.12754,1.12793,1.12662,1.12673,4287
2026-06-14 02:24:00,1.12673,1.12725,1.12656,1.1272,784
2026-06-14 02:25:00,1.1272,1.1294,1.12684,1.12903,4284
2026-06-14 02:26:00,1.12903,1.13004,1.12595,1.12689,4500
2026-06-14 02:27:00,1.12689,1.12823,1.12653,1.1281,3502
2026-06-14 02:28:00,1.1281,1.12871,1.12655,1.1267,3608
2026-06-14 02:29:00,1.1267,1.12681,1.1264,1.1264,3078
2026-06-14 02:30:00,1.1264,1.12803,1.1262,1.12757,1052
2026-06-14 02:31:00,1.12757,1.12775,1.12499,1.12581,1425
2026-06-14 02:32:00,1.12581,1.12675,1.12579,1.12649,1415
2026-06-14 02:33:00,1.12649,1.12684,1.12423,1.12494,2335
2026-06-14 02:34:00,1.12494,1.12528,1.12363,1.124,296
2026-06-14 02:35:00,1.124,1.12404,1.12311,1.12312,2014
2026-06-14 02:36:00,1.12312,1.12432,1.12302,1.12393,718
2026-06-14 02:37:00,1.12393,1.12709,1.1235,1.12613,2439
2026-06-14 02:38:00,1.12613,1.12668,1.12609,1.12667,4585
2026-06-14 02:39:00,1.12667,1.12707,1.12522,1.12551,337
2026-06-14 02:40:00,1.12551,1.1263,1.12256,1.12353,1964
2026-06-14 02:41:00,1.12353,1.12459,1.12352,1.12449,2935
2026-06-14 02:42:00,1.12449,1.12457,1.12449,1.12456,213
2026-06-14 02:43:00,1.12456,1.1248,1.1237,1.12393,1807
2026-06-14 02:44:00,1.12393,1.12395,1.12383,1.12383,3098
2026-06-14 02:45:00,1.12383,1.1239,1.1212,1.12204,4824
2026-06-14 02:46:00,1.12204,1.12319,1.12184,1.12283,4688
2026-06-14 02:47:00,1.12283,1.12284,1.12117,1.12148,4512
2026-06-14 02:48:00,1.12148,1.12168,1.12142,1.12164,2548
2026-06-14 02:49:00,1.12164,1.12227,1.12162,1.12223,1178
2026-06-14 02:50:00,1.12223,1.1226,1.12103,1.12134,230
2026-06-14 02:51:00,1.12134,1.12192,1.11936,1.11963,2784
2026-06-14 02:52:00,1.11963,1.12115,1.11952,1.12068,1209
2026-06-14 02:53:00,1.12068,1.12288,1.1198,1.1225,2295
2026-06-14 02:54:00,1.1225,1.12291,1.12075,1.12124,3738
2026-06-14 02:55:00,1.12124,1.1217,1.1212,1.12169,358
2026-06-14 02:56:00,1.12169,1.12195,1.12084,1.12098,3041
2026-06-14 02:57:00,1.12098,1.12368,1.12086,1.12301,706
2026-06-14 02:58:00,1.12301,1.12301,1.123,1.123,2438
2026-06-14 02:59:00,1.123,1.12322,1.1223,1.12249,967
2026-06-14 03:00:00,1.12249,1.12277,1.12057,1.12096,650
2026-06-14 03:01:00,1.12096,1.12179,1.11862,1.11889,3258
2026-06-14 03:02:00,1.11889,1.11904,1.11815,1.11824,909
2026-06-14 03:03:00,1.11824,1.11997,1.11777,1.11946,2042
2026-06-14 03:04:00,1.11946,1.12049,1.11934,1.12018,2515
2026-06-14 03:05:00,1.12018,1.12048,1.11921,1.11928,2149
2026-06-14 03:06:00,1.11928,1.12106,1.11864,1.12086,4921
2026-06-14 03:07:00,1.12086,1.12348,1.11997,1.12293,2927
2026-06-14 03:08:00,1.12293,1.12416,1.12279,1.12395,4640
2026-06-14 03:09:00,1.12395,1.12396,1.12214,1.1227,3362
2026-06-14 03:10:00,1.1227,1.123,1.12116,1.12127,3454
2026-06-14 03:11:00,1.12127,1.12153,1.11956,1.11996,3523
2026-06-14 03:12:00,1.11996,1.12075,1.11974,1.1205,938
2026-06-14 03:13:00,1.1205,1.12202,1.12038,1.12171,1159
2026-06-14 03:14:00,1.12171,1.1218,1.12168,1.12178,4133
2026-06-14 03:15:00,1.12178,1.12204,1.1209,1.12118,2582
2026-06-14 03:16:00,1.12118,1.12202,1.12098,1.12174,4194
2026-06-14 03:17:00,1.12174,1.12214,1.12025,1.12067,2001
2026-06-14 03:18:00,1.12067,1.12213,1.12048,1.12198,4341
2026-06-14 03:19:00,1.12198,1.1222,1.12191,1.12218,2645
2026-06-14 03:20:00,1.12218,1.12221,1.12217,1.1222,1686
2026-06-14 03:21:00,1.1222,1.12245,1.11901,1.12007,3586
2026-06-14 03:22:00,1.12007,1.12027,1.11887,1.11924,3415
2026-06-14 03:23:00,1.11924,1.12013,1.11894,1.1201,3731
2026-06-14 03:24:00,1.1201,1.12091,1.11829,1.11838,4996
2026-06-14 03:25:00,1.11838,1.11849,1.11602,1.1163,4886
2026-06-14 03:26:00,1.1163,1.11694,1.11621,1.11682,3618
2026-06-14 03:27:00,1.11682,1.11737,1.11482,1.11533,3786
2026-06-14 03:28:00,1.11533,1.11689,1.11501,1.11638,3952
2026-06-14 03:29:00,1.11638,1.11773,1.116,1.11746,2044
2026-06-14 03:30:00,1.11746,1.11845,1.11716,1.11818,1222
2026-06-14 03:31:00,1.11818,1.12055,1.11792,1.11994,3406
2026-06-14 03:32:00,1.11994,1.1204,1.11816,1.11818,864
2026-06-14 03:33:00,1.11818,1.11875,1.11594,1.11614,1269
2026-06-14 03:34:00,1.11614,1.11741,1.11588,1.11731,346
2026-06-14 03:35:00,1.11731,1.11739,1.1164,1.11642,2400
2026-06-14 03:36:00,1.11642,1.1168,1.11636,1.1167,3191
2026-06-14 03:37:00,1.1167,1.11715,1.11658,1.11713,4938
2026-06-14 03:38:00,1.11713,1.11725,1.11712,1.11722,3101
2026-06-14 03:39:00,1.11722,1.11812,1.11695,1.11789,466
2026-06-14 03:40:00,1.11789,1.11792,1.11584,1.11647,378
2026-06-14 03:41:00,1.11647,1.11661,1.11529,1.1156,4746
2026-06-14 03:42:00,1.1156,1.11816,1.11519,1.11765,2875
2026-06-14 03:43:00,1.11765,1.11861,1.1176,1.11853,2403
2026-06-14 03:44:00,1.11853,1.12138,1.11778,1.12067,3484
2026-06-14 03:45:00,1.12067,1.12186,1.12054,1.12175,2356
2026-06-14 03:46:00,1.12175,1.12196,1.12002,1.1201,3968
2026-06-14 03:47:00,1.1201,1.12175,1.1201,1.12155,1254
2026-06-14 03:48:00,1.12155,1.12349,1.12119,1.12321,3843
2026-06-14 03:49:00,1.12321,1.12322,1.12294,1.12301,2917
2026-06-14 03:50:00,1.12301,1.12521,1.12251,1.12467,2525
2026-06-14 03:51:00,1.12467,1.12472,1.12409,1.12422,2048
2026-06-14 03:52:00,1.12422,1.12431,1.12419,1.12429,2046
2026-06-14 03:53:00,1.12429,1.12505,1.12399,1.12501,662
2026-06-14 03:54:00,1.12501,1.12547,1.12224,1.12311,722
2026-06-14 03:55:00,1.12311,1.12563,1.1231,1.12488,3207
2026-06-14 03:56:00,1.12488,1.1251,1.12205,1.12294,1333
2026-06-14 03:57:00,1.12294,1.1233,1.121,1.12159,2176
2026-06-14 03:58:00,1.12159,1.1216,1.12148,1.12152,3682
2026-06-14 03:59:00,1.12152,1.1231,1.12135,1.12307,258
2026-06-14 04:00:00,1.12307,1.12361,1.12099,1.12146,2626
2026-06-14 04:01:00,1.12146,1.12201,1.11987,1.11988,3243
2026-06-14 04:02:00,1.11988,1.12077,1.1175,1.11797,3798
2026-06-14 04:03:00,1.11797,1.11979,1.11752,1.11932,2710
2026-06-14 04:04:00,1.11932,1.11937,1.11914,1.11919,742
2026-06-14 04:05:00,1.11919,1.12039,1.11903,1.12014,2268
2026-06-14 04:06:00,1.12014,1.12073,1.11815,1.11864,328
2026-06-14 04:07:00,1.11864,1.11865,1.1186,1.1186,1032
2026-06-14 04:08:00,1.1186,1.11872,1.11725,1.11764,3742
2026-06-14 04:09:00,1.11764,1.11955,1.11745,1.11895,1784
2026-06-14 04:10:00,1.11895,1.12095,1.11869,1.12031,487
2026-06-14 04:11:00,1.12031,1.12144,1.12004,1.12113,4084
2026-06-14 04:12:00,1.12113,1.12116,1.12092,1.12094,3242
2026-06-14 04:13:00,1.12094,1.12193,1.1205,1.12187,705
2026-06-14 04:14:00,1.12187,1.12244,1.12175,1.12227,4415
2026-06-14 04:15:00,1.12227,1.12232,1.12208,1.12212,4189
2026-06-14 04:16:00,1.12212,1.12225,1.11971,1.12018,2495
2026-06-14 04:17:00,1.12018,1.12054,1.1191,1.11934,2071
2026-06-14 04:18:00,1.11934,1.11982,1.11918,1.11968,4511
2026-06-14 04:19:00,1.11968,1.12139,1.1189,1.12138,2736
2026-06-14 04:20:00,1.12138,1.1216,1.11903,1.11933,472
2026-06-14 04:21:00,1.11933,1.11951,1.11836,1.11851,3173
2026-06-14 04:22:00,1.11851,1.11901,1.11838,1.11894,865
2026-06-14 04:23:00,1.11894,1.11901,1.11802,1.11832,1356
2026-06-14 04:24:00,1.11832,1.11858,1.11724,1.11757,1485
2026-06-14 04:25:00,1.11757,1.11798,1.11747,1.11795,1307
2026-06-14 04:26:00,1.11795,1.11973,1.11742,1.11919,1064
2026-06-14 04:27:00,1.11919,1.11927,1.11895,1.11901,4377
2026-06-14 04:28:00,1.11901,1.12054,1.11883,1.12024,1749
2026-06-14 04:29:00,1.12024,1.12032,1.12023,1.12031,2343
2026-06-14 04:30:00,1.12031,1.12085,1.11745,1.11834,3234
2026-06-14 04:31:00,1.11834,1.11835,1.11827,1.11829,3005
2026-06-14 04:32:00,1.11829,1.11857,1.11715,1.11735,169
2026-06-14 04:33:00,1.11735,1.11802,1.1159,1.11592,4355
2026-06-14 04:34:00,1.11592,1.11595,1.11585,1.11585,896
2026-06-14 04:35:00,1.11585,1.11647,1.1136,1.11381,3694
2026-06-14 04:36:00,1.11381,1.11445,1.11177,1.11223,1772
2026-06-14 04:37:00,1.11223,1.11262,1.11097,1.11127,4149
2026-06-14 04:38:00,1.11127,1.11313,1.11037,1.11309,1182
2026-06-14 04:39:00,1.11309,1.11371,1.11286,1.11354,548
2026-06-14 04:40:00,1.11354,1.11369,1.11256,1.11287,256
2026-06-14 04:41:00,1.11287,1.11609,1.11196,1.11505,2039
2026-06-14 04:42:00,1.11505,1.11505,1.1148,1.11485,2994
2026-06-14 04:43:00,1.11485,1.11518,1.11473,1.11514,3572
2026-06-14 04:44:00,1.11514,1.11717,1.11439,1.11679,170
2026-06-14 04:45:00,1.11679,1.11698,1.11671,1.11697,4471
2026-06-14 04:46:00,1.11697,1.11838,1.11665,1.11808,2925
2026-06-14 04:47:00,1.11808,1.11909,1.11781,1.11905,2752
2026-06-14 04:48:00,1.11905,1.11933,1.1169,1.11746,2665
2026-06-14 04:49:00,1.11746,1.11796,1.11495,1.11529,563
2026-06-14 04:50:00,1.11529,1.11538,1.11528,1.11536,3380
2026-06-14 04:51:00,1.11536,1.1156,1.11533,1.11554,2316
2026-06-14 04:52:00,1.11554,1.1165,1.11351,1.11354,3741
2026-06-14 04:53:00,1.11354,1.11367,1.11354,1.11366,173
2026-06-14 04:54:00,1.11366,1.11482,1.11324,1.11452,4008
2026-06-14 04:55:00,1.11452,1.11594,1.11428,1.11554,1230
2026-06-14 04:56:00,1.11554,1.1165,1.11541,1.1162,3381
2026-06-14 04:57:00,1.1162,1.11828,1.11605,1.11765,1310
2026-06-14 04:58:00,1.11765,1.11804,1.1158,1.11593,4777
2026-06-14 04:59:00,1.11593,1.11593,1.11513,1.11529,4937
2026-06-14 05:00:00,1.11529,1.1153,1.11522,1.11523,4652
2026-06-14 05:01:00,1.11523,1.11709,1.11463,1.11705,510
2026-06-14 05:02:00,1.11705,1.11857,1.11699,1.1183,4531
2026-06-14 05:03:00,1.1183,1.11853,1.11778,1.11784,4461
2026-06-14 05:04:00,1.11784,1.1183,1.1166,1.11674,1671
2026-06-14 05:05:00,1.11674,1.11687,1.11484,1.11535,2327
2026-06-14 05:06:00,1.11535,1.11543,1.11508,1.1151,883
2026-06-14 05:07:00,1.1151,1.11567,1.11492,1.11566,2767
2026-06-14 05:08:00,1.11566,1.11851,1.11506,1.11777,386
2026-06-14 05:09:00,1.11777,1.11802,1.11777,1.11794,4240
2026-06-14 05:10:00,1.11794,1.12011,1.11757,1.11956,3984
2026-06-14 05:11:00,1.11956,1.11965,1.11781,1.11805,752
2026-06-14 05:12:00,1.11805,1.11949,1.11797,1.11904,4395
2026-06-14 05:13:00,1.11904,1.12016,1.11884,1.1198,2516
2026-06-14 05:14:00,1.1198,1.11983,1.11979,1.11983,3295
2026-06-14 05:15:00,1.11983,1.12003,1.11976,1.11997,1015
2026-06-14 05:16:00,1.11997,1.12014,1.11844,1.11876,907
2026-06-14 05:17:00,1.11876,1.11894,1.11818,1.1183,2501
2026-06-14 05:18:00,1.1183,1.1183,1.11826,1.11827,1487
2026-06-14 05:19:00,1.11827,1.11831,1.11712,1.11726,2612
2026-06-14 05:20:00,1.11726,1.11769,1.11611,1.1163,4432
2026-06-14 05:21:00,1.1163,1.11739,1.11615,1.11712,3148
2026-06-14 05:22:00,1.11712,1.11961,1.11624,1.1192,2932
2026-06-14 05:23:00,1.1192,1.11986,1.11904,1.11968,4724
2026-06-14 05:24:00,1.11968,1.12012,1.11873,1.11875,3758
2026-06-14 05:25:00,1.11875,1.12057,1.11873,1.12041,3422
2026-06-14 05:26:00,1.12041,1.12088,1.12026,1.12079,3813
2026-06-14 05:27:00,1.12079,1.12126,1.12063,1.12124,3632
2026-06-14 05:28:00,1.12124,1.1215,1.12057,1.12065,1828
2026-06-14 05:29:00,1.12065,1.1222,1.12059,1.12191,2001
2026-06-14 05:30:00,1.12191,1.12361,1.12155,1.1233,626
2026-06-14 05:31:00,1.1233,1.12476,1.12322,1.12464,4113
2026-06-14 05:32:00,1.12464,1.12516,1.12205,1.12267,2972
2026-06-14 05:33:00,1.12267,1.12451,1.12194,1.1245,2672
2026-06-14 05:34:00,1.1245,1.1245,1.12381,1.12399,3345
2026-06-14 05:35:00,1.12399,1.12406,1.12381,1.12384,2352
2026-06-14 05:36:00,1.12384,1.12387,1.1237,1.12371,4860
2026-06-14 05:37:00,1.12371,1.12384,1.12124,1.12173,264
2026-06-14 05:38:00,1.12173,1.12385,1.12123,1.12347,2295
2026-06-14 05:39:00,1.12347,1.12407,1.12333,1.12406,4026
2026-06-14 05:40:00,1.12406,1.12408,1.12354,1.12363,350
2026-06-14 05:41:00,1.12363,1.12367,1.12135,1.12176,3796
2026-06-14 05:42:00,1.12176,1.12193,1.11901,1.11991,4611
2026-06-14 05:43:00,1.11991,1.12007,1.11921,1.11926,4833
2026-06-14 05:44:00,1.11926,1.11987,1.11919,1.11974,1507
2026-06-14 05:45:00,1.11974,1.12103,1.11974,1.12076,4793
2026-06-14 05:46:00,1.12076,1.12123,1.12064,1.1212,4530
2026-06-14 05:47:00,1.1212,1.12133,1.12024,1.12044,2171
2026-06-14 05:48:00,1.12044,1.12222,1.12031,1.12174,3296
2026-06-14 05:49:00,1.12174,1.12206,1.1201,1.12029,2565
2026-06-14 05:50:00,1.12029,1.1215,1.12029,1.12114,4531
2026-06-14 05:51:00,1.12114,1.12116,1.11935,1.11939,2657
2026-06-14 05:52:00,1.11939,1.12078,1.11889,1.12037,271
2026-06-14 05:53:00,1.12037,1.12043,1.11948,1.11976,3783
2026-06-14 05:54:00,1.11976,1.11998,1.11788,1.11828,2261
2026-06-14 05:55:00,1.11828,1.11875,1.11671,1.11723,603
2026-06-14 05:56:00,1.11723,1.1178,1.11708,1.11768,1440
2026-06-14 05:57:00,1.11768,1.11847,1.11751,1.11821,3304
2026-06-14 05:58:00,1.11821,1.11829,1.11793,1.118,2486
2026-06-14 05:59:00,1.118,1.11827,1.11617,1.11668,3320
2026-06-14 06:00:00,1.11668,1.11711,1.11427,1.11497,3501
2026-06-14 06:01:00,1.11497,1.11564,1.11477,1.11543,645
2026-06-14 06:02:00,1.11543,1.11614,1.11375,1.11392,3152
2026-06-14 06:03:00,1.11392,1.11394,1.11352,1.11362,4555
2026-06-14 06:04:00,1.11362,1.11413,1.11116,1.11149,1940
2026-06-14 06:05:00,1.11149,1.11186,1.11024,1.1106,1448
2026-06-14 06:06:00,1.1106,1.11252,1.10994,1.11206,4667
2026-06-14 06:07:00,1.11206,1.11315,1.11173,1.11282,3122
2026-06-14 06:08:00,1.11282,1.11283,1.11282,1.11282,2224
2026-06-14 06:09:00,1.11282,1.11298,1.11282,1.11293,2997
2026-06-14 06:10:00,1.11293,1.11339,1.11159,1.11162,1968
2026-06-14 06:11:00,1.11162,1.11206,1.11015,1.1104,1904
2026-06-14 06:12:00,1.1104,1.11127,1.10823,1.10825,3851
2026-06-14 06:13:00,1.10825,1.10899,1.10657,1.1067,3346
2026-06-14 06:14:00,1.1067,1.10695,1.10469,1.10528,1308
2026-06-14 06:15:00,1.10528,1.10571,1.10517,1.1056,4144
2026-06-14 06:16:00,1.1056,1.1068,1.1052,1.10674,2440
2026-06-14 06:17:00,1.10674,1.10723,1.10562,1.10574,3367
2026-06-14 06:18:00,1.10574,1.10582,1.10528,1.10539,1485
2026-06-14 06:19:00,1.10539,1.10662,1.10508,1.10646,937
2026-06-14 06:20:00,1.10646,1.10865,1.10574,1.10855,1772
2026-06-14 06:21:00,1.10855,1.109,1.10641,1.10694,2774
2026-06-14 06:22:00,1.10694,1.10721,1.1057,1.10593,2650
2026-06-14 06:23:00,1.10593,1.10881,1.10549,1.10792,3751
2026-06-14 06:24:00,1.10792,1.1087,1.10553,1.10615,1411
2026-06-14 06:25:00,1.10615,1.10627,1.10562,1.1057,1323
2026-06-14 06:26:00,1.1057,1.10782,1.10568,1.1073,2035
2026-06-14 06:27:00,1.1073,1.10821,1.1071,1.10812,797
2026-06-14 06:28:00,1.10812,1.11025,1.10736,1.10992,1937
2026-06-14 06:29:00,1.10992,1.11167,1.10961,1.11124,1112
2026-06-14 06:30:00,1.11124,1.11133,1.10921,1.10938,1129
2026-06-14 06:31:00,1.10938,1.11178,1.1084,1.1115,3671
2026-06-14 06:32:00,1.1115,1.11328,1.11114,1.1128,1313
2026-06-14 06:33:00,1.1128,1.11284,1.1115,1.11183,4723
2026-06-14 06:34:00,1.11183,1.1147,1.11151,1.11383,2543
2026-06-14 06:35:00,1.11383,1.11398,1.1126,1.11263,3233
2026-06-14 06:36:00,1.11263,1.11339,1.11245,1.11323,3272
2026-06-14 06:37:00,1.11323,1.11416,1.1104,1.11112,1642
2026-06-14 06:38:00,1.11112,1.11389,1.11107,1.11297,4977
2026-06-14 06:39:00,1.11297,1.11313,1.11076,1.11108,184
2026-06-14 06:40:00,1.11108,1.11141,1.11106,1.11131,2877
2026-06-14 06:41:00,1.11131,1.11189,1.10955,1.10969,3254
2026-06-14 06:42:00,1.10969,1.10977,1.10833,1.10855,633
2026-06-14 06:43:00,1.10855,1.10858,1.1059,1.10662,4439
2026-06-14 06:44:00,1.10662,1.10822,1.10604,1.10809,3117
2026-06-14 06:45:00,1.10809,1.11031,1.1078,1.10966,3245
2026-06-14 06:46:00,1.10966,1.1101,1.10753,1.10777,1635
2026-06-14 06:47:00,1.10777,1.10868,1.10542,1.10578,1441
2026-06-14 06:48:00,1.10578,1.10612,1.10576,1.10601,1425
2026-06-14 06:49:00,1.10601,1.10636,1.10589,1.10628,1752
2026-06-14 06:50:00,1.10628,1.10637,1.10448,1.10497,2409
2026-06-14 06:51:00,1.10497,1.10657,1.10464,1.10619,3348
2026-06-14 06:52:00,1.10619,1.10671,1.10446,1.10463,1887
2026-06-14 06:53:00,1.10463,1.10745,1.10456,1.10663,763
2026-06-14 06:54:00,1.10663,1.10664,1.10656,1.10656,391
2026-06-14 06:55:00,1.10656,1.10669,1.10653,1.10669,4758
2026-06-14 06:56:00,1.10669,1.10767,1.10419,1.10457,380
2026-06-14 06:57:00,1.10457,1.10694,1.10388,1.10653,4797
2026-06-14 06:58:00,1.10653,1.10657,1.10638,1.10639,3160
2026-06-14 06:59:00,1.10639,1.10666,1.1052,1.10546,4080
2026-06-14 07:00:00,1.10546,1.10564,1.1054,1.1056,2042
2026-06-14 07:01:00,1.1056,1.1076,1.10558,1.10717,3290
2026-06-14 07:02:00,1.10717,1.10947,1.1063,1.10893,3464
2026-06-14 07:03:00,1.10893,1.11056,1.10849,1.11036,2366
2026-06-14 07:04:00,1.11036,1.11042,1.10822,1.10857,1186
2026-06-14 07:05:00,1.10857,1.10953,1.10828,1.10933,2426
2026-06-14 07:06:00,1.10933,1.11206,1.10892,1.11128,1919
2026-06-14 07:07:00,1.11128,1.11164,1.11031,1.11035,892
2026-06-14 07:08:00,1.11035,1.11072,1.10923,1.10958,4876
2026-06-14 07:09:00,1.10958,1.1104,1.1094,1.11034,407
2026-06-14 07:10:00,1.11034,1.11135,1.11024,1.11122,4127
2026-06-14 07:11:00,1.11122,1.11198,1.10924,1.10941,2998
2026-06-14 07:12:00,1.10941,1.11031,1.10929,1.11005,4750
2026-06-14 07:13:00,1.11005,1.11067,1.10996,1.11055,4469
2026-06-14 07:14:00,1.11055,1.11114,1.10816,1.10894,166
2026-06-14 07:15:00,1.10894,1.10923,1.10888,1.10923,4766
2026-06-14 07:16:00,1.10923,1.11216,1.10884,1.11138,4848
2026-06-14 07:17:00,1.11138,1.11175,1.10936,1.10995,2981
2026-06-14 07:18:00,1.10995,1.11079,1.10762,1.10793,663
2026-06-14 07:19:00,1.10793,1.108,1.10734,1.10738,4475
2026-06-14 07:20:00,1.10738,1.10816,1.10503,1.10574,2777
2026-06-14 07:21:00,1.10574,1.10606,1.1033,1.10389,1144
2026-06-14 07:22:00,1.10389,1.10399,1.10315,1.10332,3045
2026-06-14 07:23:00,1.10332,1.10335,1.10263,1.10284,808
2026-06-14 07:24:00,1.10284,1.10304,1.10123,1.10148,2485
2026-06-14 07:25:00,1.10148,1.10149,1.09855,1.09939,419
2026-06-14 07:26:00,1.09939,1.10108,1.09908,1.10073,1019
2026-06-14 07:27:00,1.10073,1.10264,1.10056,1.10257,4526
2026-06-14 07:28:00,1.10257,1.10273,1.10164,1.10182,1167
2026-06-14 07:29:00,1.10182,1.10184,1.09897,1.09989,3769
2026-06-14 07:30:00,1.09989,1.09989,1.09989,1.09989,2262
2026-06-14 07:31:00,1.09989,1.10009,1.09934,1.09946,389
2026-06-14 07:32:00,1.09946,1.09947,1.09831,1.09835,2102
2026-06-14 07:33:00,1.09835,1.09966,1.09833,1.09928,3809
2026-06-14 07:34:00,1.09928,1.09981,1.09741,1.09778,1221
2026-06-14 07:35:00,1.09778,1.09823,1.09621,1.09654,4695
2026-06-14 07:36:00,1.09654,1.0966,1.09606,1.09606,2611
2026-06-14 07:37:00,1.09606,1.09611,1.09328,1.09394,1251
2026-06-14 07:38:00,1.09394,1.09395,1.0939,1.09391,3917
2026-06-14 07:39:00,1.09391,1.09481,1.09388,1.09462,1445
2026-06-14 07:40:00,1.09462,1.09505,1.09283,1.093,4839
2026-06-14 07:41:00,1.093,1.09313,1.0913,1.09169,2209
2026-06-14 07:42:00,1.09169,1.09301,1.09127,1.09259,935
2026-06-14 07:43:00,1.09259,1.09272,1.09091,1.09138,4701
2026-06-14 07:44:00,1.09138,1.09345,1.09135,1.09336,1636
2026-06-14 07:45:00,1.09336,1.09374,1.09186,1.09202,2088
2026-06-14 07:46:00,1.09202,1.09202,1.09186,1.0919,3599
2026-06-14 07:47:00,1.0919,1.09255,1.09172,1.09253,3993
2026-06-14 07:48:00,1.09253,1.0941,1.09217,1.09359,1931
2026-06-14 07:49:00,1.09359,1.09397,1.09152,1.09185,309
2026-06-14 07:50:00,1.09185,1.09346,1.09147,1.093,4480
2026-06-14 07:51:00,1.093,1.09304,1.09286,1.09289,2848
2026-06-14 07:52:00,1.09289,1.09306,1.09168,1.09176,3447
2026-06-14 07:53:00,1.09176,1.09214,1.08991,1.09005,3028
2026-06-14 07:54:00,1.09005,1.09019,1.08918,1.08939,1163
2026-06-14 07:55:00,1.08939,1.09181,1.08902,1.09101,2317
2026-06-14 07:56:00,1.09101,1.0919,1.09075,1.09186,3804
2026-06-14 07:57:00,1.09186,1.09214,1.09183,1.09212,1189
2026-06-14 07:58:00,1.09212,1.09251,1.08999,1.09045,4332
2026-06-14 07:59:00,1.09045,1.09201,1.09037,1.09171,4242
2026-06-14 08:00:00,1.09171,1.09446,1.09085,1.09377,4281
2026-06-14 08:01:00,1.09377,1.09411,1.09294,1.09301,3592
2026-06-14 08:02:00,1.09301,1.09403,1.09259,1.09401,2330
2026-06-14 08:03:00,1.09401,1.09591,1.09398,1.09533,3163
2026-06-14 08:04:00,1.09533,1.09549,1.09398,1.09431,3417
2026-06-14 08:05:00,1.09431,1.0962,1.09421,1.09557,2548
2026-06-14 08:06:00,1.09557,1.09585,1.09298,1.09339,4357
2026-06-14 08:07:00,1.09339,1.09522,1.09302,1.0952,4052
2026-06-14 08:08:00,1.0952,1.0953,1.09258,1.09325,1462
2026-06-14 08:09:00,1.09325,1.09339,1.09188,1.09232,4660
2026-06-14 08:10:00,1.09232,1.09244,1.09157,1.09167,1224
2026-06-14 08:11:00,1.09167,1.09302,1.09148,1.09259,272
2026-06-14 08:12:00,1.09259,1.09298,1.09109,1.0912,2275
2026-06-14 08:13:00,1.0912,1.09135,1.08918,1.08981,1862
2026-06-14 08:14:00,1.08981,1.08984,1.08973,1.08974,696
2026-06-14 08:15:00,1.08974,1.09106,1.08963,1.09062,2714
2026-06-14 08:16:00,1.09062,1.09116,1.08872,1.08916,3337
2026-06-14 08:17:00,1.08916,1.09135,1.08842,1.09081,2829
2026-06-14 08:18:00,1.09081,1.09235,1.0904,1.09184,476
2026-06-14 08:19:00,1.09184,1.0939,1.09119,1.09353,918
2026-06-14 08:20:00,1.09353,1.09488,1.09325,1.09486,2713
2026-06-14 08:21:00,1.09486,1.09531,1.09477,1.0952,700
2026-06-14 08:22:00,1.0952,1.09521,1.0952,1.0952,2599
2026-06-14 08:23:00,1.0952,1.09787,1.09487,1.09705,1940
2026-06-14 08:24:00,1.09705,1.09712,1.09658,1.09667,654
2026-06-14 08:25:00,1.09667,1.09786,1.09657,1.0975,3272
2026-06-14 08:26:00,1.0975,1.09902,1.09727,1.09857,796
2026-06-14 08:27:00,1.09857,1.09862,1.09799,1.09813,1069
2026-06-14 08:28:00,1.09813,1.09978,1.09801,1.09926,480
2026-06-14 08:29:00,1.09926,1.09931,1.09886,1.09894,4863
2026-06-14 08:30:00,1.09894,1.09898,1.09794,1.09814,3851
2026-06-14 08:31:00,1.09814,1.09827,1.09745,1.0976,1073
2026-06-14 08:32:00,1.0976,1.09765,1.09684,1.09695,4528
2026-06-14 08:33:00,1.09695,1.09723,1.09584,1.09596,2758
2026-06-14 08:34:00,1.09596,1.09804,1.09576,1.09741,3959
2026-06-14 08:35:00,1.09741,1.09777,1.09486,1.09559,4602
2026-06-14 08:36:00,1.09559,1.09752,1.09498,1.09698,371
2026-06-14 08:37:00,1.09698,1.0978,1.09688,1.09772,1826
2026-06-14 08:38:00,1.09772,1.10045,1.09766,1.0996,497
2026-06-14 08:39:00,1.0996,1.09965,1.09728,1.09785,1390
2026-06-14 08:40:00,1.09785,1.09793,1.09782,1.09791,2866
2026-06-14 08:41:00,1.09791,1.09801,1.09711,1.09721,3848
2026-06-14 08:42:00,1.09721,1.09792,1.09701,1.09775,1582
2026-06-14 08:43:00,1.09775,1.09775,1.09679,1.097,650
2026-06-14 08:44:00,1.097,1.09757,1.09378,1.09485,2423
2026-06-14 08:45:00,1.09485,1.09508,1.09485,1.09507,1484
2026-06-14 08:46:00,1.09507,1.09512,1.09482,1.09484,3805
2026-06-14 08:47:00,1.09484,1.09492,1.09484,1.09491,4358
2026-06-14 08:48:00,1.09491,1.09605,1.09441,1.09593,2476
2026-06-14 08:49:00,1.09593,1.09615,1.0959,1.09614,2662
2026-06-14 08:50:00,1.09614,1.09688,1.09601,1.09668,2888
2026-06-14 08:51:00,1.09668,1.09883,1.09629,1.09832,4814
2026-06-14 08:52:00,1.09832,1.09861,1.09631,1.09673,3779
2026-06-14 08:53:00,1.09673,1.09738,1.09401,1.09481,4999
2026-06-14 08:54:00,1.09481,1.0975,1.09416,1.09666,374
2026-06-14 08:55:00,1.09666,1.09819,1.09612,1.0978,1960
2026-06-14 08:56:00,1.0978,1.09912,1.09743,1.09894,1723
2026-06-14 08:57:00,1.09894,1.09918,1.09795,1.098,4847
2026-06-14 08:58:00,1.098,1.09933,1.0975,1.0992,252
2026-06-14 08:59:00,1.0992,1.09927,1.09865,1.09875,3964
2026-06-14 09:00:00,1.09875,1.09927,1.09685,1.09696,2292
2026-06-14 09:01:00,1.09696,1.09699,1.09664,1.09673,4288
2026-06-14 09:02:00,1.09673,1.09718,1.09668,1.09705,773
2026-06-14 09:03:00,1.09705,1.09901,1.0964,1.09836,782
2026-06-14 09:04:00,1.09836,1.10011,1.09821,1.09977,818
2026-06-14 09:05:00,1.09977,1.10016,1.09777,1.09829,2424
2026-06-14 09:06:00,1.09829,1.09836,1.09829,1.09834,533
2026-06-14 09:07:00,1.09834,1.09872,1.09683,1.09685,1956
2026-06-14 09:08:00,1.09685,1.0972,1.09527,1.09547,1618
2026-06-14 09:09:00,1.09547,1.09562,1.09491,1.09508,4313
2026-06-14 09:10:00,1.09508,1.09684,1.09448,1.09649,4032
2026-06-14 09:11:00,1.09649,1.09734,1.09627,1.09717,577
2026-06-14 09:12:00,1.09717,1.09853,1.09703,1.09825,3036
2026-06-14 09:13:00,1.09825,1.10011,1.09822,1.09977,4298
2026-06-14 09:14:00,1.09977,1.09995,1.09907,1.09929,3056
2026-06-14 09:15:00,1.09929,1.10066,1.09925,1.10051,500
2026-06-14 09:16:00,1.10051,1.10111,1.09877,1.09888,3165
2026-06-14 09:17:00,1.09888,1.09941,1.09612,1.09699,1225
2026-06-14 09:18:00,1.09699,1.09891,1.09617,1.09887,3628
2026-06-14 09:19:00,1.09887,1.09904,1.09885,1.09902,4738
2026-06-14 09:20:00,1.09902,1.10123,1.09884,1.10067,815
2026-06-14 09:21:00,1.10067,1.1008,1.10029,1.10029,1294
2026-06-14 09:22:00,1.10029,1.10029,1.10025,1.10025,302
2026-06-14 09:23:00,1.10025,1.10185,1.09989,1.10142,4878
2026-06-14 09:24:00,1.10142,1.10195,1.10012,1.10037,2412
2026-06-14 09:25:00,1.10037,1.10178,1.10008,1.10175,1776
2026-06-14 09:26:00,1.10175,1.10371,1.10149,1.10362,848
2026-06-14 09:27:00,1.10362,1.10445,1.10346,1.10429,4961
2026-06-14 09:28:00,1.10429,1.10673,1.10408,1.10645,2951
2026-06-14 09:29:00,1.10645,1.10671,1.10644,1.10664,756
2026-06-14 09:30:00,1.10664,1.1072,1.10397,1.10483,695
2026-06-14 09:31:00,1.10483,1.10484,1.10481,1.10482,1110
2026-06-14 09:32:00,1.10482,1.1051,1.10323,1.10328,1411
2026-06-14 09:33:00,1.10328,1.10356,1.10189,1.10225,3470
2026-06-14 09:34:00,1.10225,1.10361,1.10197,1.10319,2985
2026-06-14 09:35:00,1.10319,1.10504,1.10283,1.10472,2328
2026-06-14 09:36:00,1.10472,1.10478,1.10343,1.10381,4108
2026-06-14 09:37:00,1.10381,1.10622,1.10314,1.10593,4384
2026-06-14 09:38:00,1.10593,1.10644,1.10427,1.10463,794
2026-06-14 09:39:00,1.10463,1.10533,1.10263,1.10321,280
2026-06-14 09:40:00,1.10321,1.10544,1.10249,1.10473,2070
2026-06-14 09:41:00,1.10473,1.10489,1.10361,1.10391,1987
2026-06-14 09:42:00,1.10391,1.10494,1.10375,1.1046,3785
2026-06-14 09:43:00,1.1046,1.10479,1.10412,1.1042,4393
2026-06-14 09:44:00,1.1042,1.10583,1.10367,1.10574,4556
2026-06-14 09:45:00,1.10574,1.10814,1.10543,1.10765,1089
2026-06-14 09:46:00,1.10765,1.11033,1.10725,1.10957,528
2026-06-14 09:47:00,1.10957,1.1105,1.10737,1.10748,1972
2026-06-14 09:48:00,1.10748,1.1075,1.10718,1.10721,317
2026-06-14 09:49:00,1.10721,1.10893,1.10671,1.10846,3504
2026-06-14 09:50:00,1.10846,1.10849,1.10765,1.10775,2741
2026-06-14 09:51:00,1.10775,1.10849,1.10532,1.10595,949
2026-06-14 09:52:00,1.10595,1.10731,1.10581,1.10691,4977
2026-06-14 09:53:00,1.10691,1.10716,1.10691,1.10713,1802
2026-06-14 09:54:00,1.10713,1.10775,1.1053,1.10558,371
2026-06-14 09:55:00,1.10558,1.10559,1.10555,1.10556,4607
2026-06-14 09:56:00,1.10556,1.10735,1.10531,1.10691,1512
2026-06-14 09:57:00,1.10691,1.1072,1.10383,1.10477,1685
2026-06-14 09:58:00,1.10477,1.10586,1.10151,1.10258,4820
2026-06-14 09:59:00,1.10258,1.10545,1.10247,1.10455,4961
2026-06-14 10:00:00,1.10455,1.10479,1.10452,1.10472,4640
2026-06-14 10:01:00,1.10472,1.10473,1.1046,1.10461,2012
2026-06-14 10:02:00,1.10461,1.10465,1.10411,1.10426,2424
2026-06-14 10:03:00,1.10426,1.10461,1.10313,1.1035,3874
2026-06-14 10:04:00,1.1035,1.10373,1.10186,1.10233,3311
2026-06-14 10:05:00,1.10233,1.10364,1.10189,1.10325,4076
2026-06-14 10:06:00,1.10325,1.10534,1.10269,1.10503,2474
2026-06-14 10:07:00,1.10503,1.10732,1.10443,1.10667,1329
2026-06-14 10:08:00,1.10667,1.10706,1.10659,1.10703,4644
2026-06-14 10:09:00,1.10703,1.10709,1.10673,1.1068,2437
2026-06-14 10:10:00,1.1068,1.10697,1.10492,1.10506,2337
2026-06-14 10:11:00,1.10506,1.10546,1.1038,1.10419,512
2026-06-14 10:12:00,1.10419,1.10455,1.10249,1.10279,2453
2026-06-14 10:13:00,1.10279,1.10288,1.10127,1.10173,3444
2026-06-14 10:14:00,1.10173,1.10365,1.10139,1.10323,2677
2026-06-14 10:15:00,1.10323,1.1035,1.10241,1.1026,726
2026-06-14 10:16:00,1.1026,1.10384,1.10249,1.10378,1255
2026-06-14 10:17:00,1.10378,1.1055,1.10359,1.10535,4246
2026-06-14 10:18:00,1.10535,1.1066,1.10489,1.10635,4835
2026-06-14 10:19:00,1.10635,1.10696,1.10429,1.10482,1862
2026-06-14 10:20:00,1.10482,1.10487,1.10409,1.10433,4244
2026-06-14 10:21:00,1.10433,1.10459,1.10271,1.1031,4566
2026-06-14 10:22:00,1.1031,1.10343,1.10082,1.10145,1687
2026-06-14 10:23:00,1.10145,1.10149,1.10135,1.10137,1259
2026-06-14 10:24:00,1.10137,1.10181,1.0989,1.09959,2938
2026-06-14 10:25:00,1.09959,1.09976,1.09953,1.09971,2472
2026-06-14 10:26:00,1.09971,1.10058,1.09932,1.10049,4976
2026-06-14 10:27:00,1.10049,1.10324,1.09951,1.10258,1118
2026-06-14 10:28:00,1.10258,1.10283,1.09977,1.10061,4910
2026-06-14 10:29:00,1.10061,1.10235,1.10045,1.10197,1820
2026-06-14 10:30:00,1.10197,1.10437,1.10166,1.10401,1933
2026-06-14 10:31:00,1.10401,1.10434,1.1015,1.10192,3738
2026-06-14 10:32:00,1.10192,1.10371,1.10181,1.1036,3542
2026-06-14 10:33:00,1.1036,1.1038,1.1021,1.10239,3141
2026-06-14 10:34:00,1.10239,1.10337,1.10202,1.10315,1295
2026-06-14 10:35:00,1.10315,1.10557,1.10261,1.10501,3978
2026-06-14 10:36:00,1.10501,1.10525,1.10501,1.10522,3592
2026-06-14 10:37:00,1.10522,1.10562,1.10255,1.10324,4673
2026-06-14 10:38:00,1.10324,1.10325,1.10322,1.10323,4642
2026-06-14 10:39:00,1.10323,1.10335,1.10256,1.10268,4353
2026-06-14 10:40:00,1.10268,1.10269,1.10249,1.10251,4268
2026-06-14 10:41:00,1.10251,1.10473,1.10214,1.10435,127
2026-06-14 10:42:00,1.10435,1.10441,1.10389,1.10401,2923
2026-06-14 10:43:00,1.10401,1.10413,1.10353,1.10366,4760
2026-06-14 10:44:00,1.10366,1.10447,1.10346,1.10442,4856
2026-06-14 10:45:00,1.10442,1.10479,1.10313,1.10348,3495
2026-06-14 10:46:00,1.10348,1.10354,1.10249,1.10275,2369
2026-06-14 10:47:00,1.10275,1.1034,1.1025,1.10335,2129
2026-06-14 10:48:00,1.10335,1.10417,1.10307,1.10417,3867
2026-06-14 10:49:00,1.10417,1.10568,1.10393,1.10561,2585
2026-06-14 10:50:00,1.10561,1.10798,1.10541,1.10732,408
2026-06-14 10:51:00,1.10732,1.11005,1.1071,1.10929,4432
2026-06-14 10:52:00,1.10929,1.11062,1.10918,1.11042,2948
2026-06-14 10:53:00,1.11042,1.11126,1.11033,1.11107,2035
2026-06-14 10:54:00,1.11107,1.11145,1.11002,1.11023,2260
2026-06-14 10:55:00,1.11023,1.11132,1.10988,1.11104,4795
2026-06-14 10:56:00,1.11104,1.1134,1.11079,1.1129,3766
2026-06-14 10:57:00,1.1129,1.11306,1.11236,1.11252,3261
2026-06-14 10:58:00,1.11252,1.11436,1.11196,1.11394,2347
2026-06-14 10:59:00,1.11394,1.1143,1.11385,1.11422,3747
2026-06-14 11:00:00,1.11422,1.11474,1.11415,1.11457,1493
2026-06-14 11:01:00,1.11457,1.11554,1.11448,1.11534,1017
2026-06-14 11:02:00,1.11534,1.11559,1.11526,1.11559,2269
2026-06-14 11:03:00,1.11559,1.11708,1.1152,1.11661,682
2026-06-14 11:04:00,1.11661,1.11736,1.11457,1.1149,797
2026-06-14 11:05:00,1.1149,1.11514,1.11281,1.11347,2811
2026-06-14 11:06:00,1.11347,1.11348,1.11321,1.11325,1794
2026-06-14 11:07:00,1.11325,1.1151,1.11319,1.11491,2830
2026-06-14 11:08:00,1.11491,1.11604,1.11471,1.11599,2100
2026-06-14 11:09:00,1.11599,1.11608,1.11392,1.1142,3948
2026-06-14 11:10:00,1.1142,1.11475,1.11275,1.11286,3830
2026-06-14 11:11:00,1.11286,1.11495,1.11189,1.11488,2712
2026-06-14 11:12:00,1.11488,1.11607,1.11436,1.11599,874
2026-06-14 11:13:00,1.11599,1.11827,1.11514,1.11795,4007
2026-06-14 11:14:00,1.11795,1.11978,1.11761,1.11955,4374
2026-06-14 11:15:00,1.11955,1.1196,1.11934,1.11936,2885
2026-06-14 11:16:00,1.11936,1.11937,1.11858,1.11876,3206
2026-06-14 11:17:00,1.11876,1.11885,1.11855,1.11855,3154
2026-06-14 11:18:00,1.11855,1.11972,1.11828,1.11949,938
2026-06-14 11:19:00,1.11949,1.1201,1.117,1.11783,947
2026-06-14 11:20:00,1.11783,1.11821,1.11666,1.11699,2247
2026-06-14 11:21:00,1.11699,1.11705,1.11612,1.11632,296
2026-06-14 11:22:00,1.11632,1.11745,1.11606,1.1171,2104
2026-06-14 11:23:00,1.1171,1.11733,1.11597,1.11629,1885
2026-06-14 11:24:00,1.11629,1.11631,1.11628,1.11631,1688
2026-06-14 11:25:00,1.11631,1.11831,1.11583,1.11778,4688
2026-06-14 11:26:00,1.11778,1.11814,1.11623,1.11667,2150
2026-06-14 11:27:00,1.11667,1.11732,1.11646,1.11718,3529
2026-06-14 11:28:00,1.11718,1.11736,1.11482,1.11535,2537
2026-06-14 11:29:00,1.11535,1.11626,1.1125,1.11333,1582
2026-06-14 11:30:00,1.11333,1.11352,1.11136,1.11185,486
2026-06-14 11:31:00,1.11185,1.11195,1.11159,1.11165,4928
2026-06-14 11:32:00,1.11165,1.11422,1.1111,1.11363,3978
2026-06-14 11:33:00,1.11363,1.11526,1.11347,1.11486,3367
2026-06-14 11:34:00,1.11486,1.11503,1.11432,1.1145,2017
2026-06-14 11:35:00,1.1145,1.11453,1.11441,1.11443,4094
2026-06-14 11:36:00,1.11443,1.11603,1.11419,1.11571,3462
2026-06-14 11:37:00,1.11571,1.11702,1.1156,1.11673,2600
2026-06-14 11:38:00,1.11673,1.11697,1.11421,1.11497,3897
2026-06-14 11:39:00,1.11497,1.11672,1.11427,1.11647,844
2026-06-14 11:40:00,1.11647,1.11654,1.11479,1.11487,2369
2026-06-14 11:41:00,1.11487,1.11493,1.11446,1.11457,2083
2026-06-14 11:42:00,1.11457,1.11466,1.113,1.11344,4712
2026-06-14 11:43:00,1.11344,1.11382,1.11207,1.11246,2885
2026-06-14 11:44:00,1.11246,1.11261,1.11093,1.1114,2615
2026-06-14 11:45:00,1.1114,1.11278,1.11135,1.11241,3388
2026-06-14 11:46:00,1.11241,1.11264,1.11024,1.11073,2490
2026-06-14 11:47:00,1.11073,1.11144,1.11054,1.11131,2139
2026-06-14 11:48:00,1.11131,1.11353,1.11115,1.11336,1895
2026-06-14 11:49:00,1.11336,1.11343,1.11238,1.11258,4026
2026-06-14 11:50:00,1.11258,1.11336,1.11008,1.11084,824
2026-06-14 11:51:00,1.11084,1.11095,1.11038,1.1105,3454
2026-06-14 11:52:00,1.1105,1.11265,1.11049,1.11216,4164
2026-06-14 11:53:00,1.11216,1.11241,1.11123,1.11148,872
2026-06-14 11:54:00,1.11148,1.112,1.10949,1.10977,4863
2026-06-14 11:55:00,1.10977,1.11001,1.10882,1.10892,2230
2026-06-14 11:56:00,1.10892,1.11102,1.10881,1.11079,2000
2026-06-14 11:57:00,1.11079,1.11327,1.11002,1.11255,4534
2026-06-14 11:58:00,1.11255,1.11455,1.11243,1.11399,3300
2026-06-14 11:59:00,1.11399,1.11404,1.11257,1.11275,4206
2026-06-14 12:00:00,1.11275,1.11284,1.11035,1.1109,936
2026-06-14 12:01:00,1.1109,1.1113,1.10963,1.10984,4572
2026-06-14 12:02:00,1.10984,1.10998,1.10922,1.10936,3050
2026-06-14 12:03:00,1.10936,1.10988,1.10674,1.10734,4902
2026-06-14 12:04:00,1.10734,1.10791,1.10538,1.10572,2880
2026-06-14 12:05:00,1.10572,1.10665,1.10555,1.10657,512
2026-06-14 12:06:00,1.10657,1.10695,1.10644,1.10692,469
2026-06-14 12:07:00,1.10692,1.10733,1.10682,1.10722,179
2026-06-14 12:08:00,1.10722,1.10748,1.1064,1.10643,3740
2026-06-14 12:09:00,1.10643,1.10681,1.10432,1.10449,4182
2026-06-14 12:10:00,1.10449,1.10626,1.1044,1.1057,4860
2026-06-14 12:11:00,1.1057,1.10572,1.10421,1.10464,403
2026-06-14 12:12:00,1.10464,1.1047,1.10407,1.10409,3671
2026-06-14 12:13:00,1.10409,1.10519,1.10399,1.10489,4239
2026-06-14 12:14:00,1.10489,1.10489,1.10268,1.10309,3087
2026-06-14 12:15:00,1.10309,1.1037,1.10295,1.1036,2972
2026-06-14 12:16:00,1.1036,1.10379,1.10199,1.10232,3872
2026-06-14 12:17:00,1.10232,1.10534,1.10161,1.10438,942
2026-06-14 12:18:00,1.10438,1.10461,1.1038,1.10387,1958
2026-06-14 12:19:00,1.10387,1.10393,1.10347,1.10356,2105
2026-06-14 12:20:00,1.10356,1.10357,1.10167,1.10211,2476
2026-06-14 12:21:00,1.10211,1.10343,1.10152,1.10337,406
2026-06-14 12:22:00,1.10337,1.10408,1.10074,1.1015,3419
2026-06-14 12:23:00,1.1015,1.10151,1.10126,1.10134,1201
2026-06-14 12:24:00,1.10134,1.1016,1.10049,1.10058,4477
2026-06-14 12:25:00,1.10058,1.10297,1.10008,1.10237,2250
2026-06-14 12:26:00,1.10237,1.10239,1.1021,1.10213,2888
2026-06-14 12:27:00,1.10213,1.10382,1.10183,1.10359,233
2026-06-14 12:28:00,1.10359,1.10595,1.10325,1.10557,2169
2026-06-14 12:29:00,1.10557,1.10587,1.10427,1.1046,4715
2026-06-14 12:30:00,1.1046,1.10542,1.1045,1.10531,232
2026-06-14 12:31:00,1.10531,1.10783,1.10486,1.10709,2688
2026-06-14 12:32:00,1.10709,1.10871,1.10668,1.10856,2298
2026-06-14 12:33:00,1.10856,1.10867,1.10829,1.10834,2750
2026-06-14 12:34:00,1.10834,1.10855,1.10725,1.10746,3177
2026-06-14 12:35:00,1.10746,1.10755,1.10662,1.10667,1216
2026-06-14 12:36:00,1.10667,1.10752,1.10659,1.10733,466
2026-06-14 12:37:00,1.10733,1.10778,1.10715,1.10774,2030
2026-06-14 12:38:00,1.10774,1.1095,1.10717,1.10922,3578
2026-06-14 12:39:00,1.10922,1.10927,1.10903,1.10908,3961
2026-06-14 12:40:00,1.10908,1.1099,1.10889,1.10971,5000
2026-06-14 12:41:00,1.10971,1.11054,1.10784,1.1079,2261
2026-06-14 12:42:00,1.1079,1.10804,1.10747,1.10758,4147
2026-06-14 12:43:00,1.10758,1.10958,1.10673,1.10928,285
2026-06-14 12:44:00,1.10928,1.10933,1.10736,1.10759,1141
2026-06-14 12:45:00,1.10759,1.10765,1.1061,1.10644,160
2026-06-14 12:46:00,1.10644,1.10855,1.10606,1.10817,1293
2026-06-14 12:47:00,1.10817,1.10961,1.10778,1.10923,4503
2026-06-14 12:48:00,1.10923,1.10967,1.10805,1.10819,953
2026-06-14 12:49:00,1.10819,1.10844,1.10684,1.10685,510
2026-06-14 12:50:00,1.10685,1.10922,1.10659,1.10899,2055
2026-06-14 12:51:00,1.10899,1.10922,1.10596,1.10679,499
2026-06-14 12:52:00,1.10679,1.10844,1.10648,1.10833,2636
2026-06-14 12:53:00,1.10833,1.10888,1.10593,1.10654,3585
2026-06-14 12:54:00,1.10654,1.10705,1.10447,1.10485,2407
2026-06-14 12:55:00,1.10485,1.10487,1.10385,1.10387,2603
2026-06-14 12:56:00,1.10387,1.10439,1.10096,1.10189,4448
2026-06-14 12:57:00,1.10189,1.10227,1.1005,1.10074,3907
2026-06-14 12:58:00,1.10074,1.10175,1.10074,1.10161,4307
2026-06-14 12:59:00,1.10161,1.10201,1.09936,1.10005,1871
2026-06-14 13:00:00,1.10005,1.10082,1.09994,1.10062,2775
2026-06-14 13:01:00,1.10062,1.10113,1.09873,1.09918,4268
2026-06-14 13:02:00,1.09918,1.09976,1.09915,1.09959,3893
2026-06-14 13:03:00,1.09959,1.09971,1.0986,1.09877,269
2026-06-14 13:04:00,1.09877,1.10082,1.09813,1.10027,1790
2026-06-14 13:05:00,1.10027,1.10046,1.0991,1.09941,3000
2026-06-14 13:06:00,1.09941,1.1,1.0993,1.09981,1421
2026-06-14 13:07:00,1.09981,1.09999,1.09751,1.09819,4631
2026-06-14 13:08:00,1.09819,1.09822,1.09644,1.09688,3456
2026-06-14 13:09:00,1.09688,1.09695,1.09663,1.09669,1445
2026-06-14 13:10:00,1.09669,1.09977,1.0961,1.09879,784
2026-06-14 13:11:00,1.09879,1.09881,1.09841,1.0985,317
2026-06-14 13:12:00,1.0985,1.09871,1.09678,1.0973,1637
2026-06-14 13:13:00,1.0973,1.09814,1.09479,1.09551,3334
2026-06-14 13:14:00,1.09551,1.09596,1.0935,1.09357,4934
2026-06-14 13:15:00,1.09357,1.09366,1.09224,1.0924,1080
2026-06-14 13:16:00,1.0924,1.09305,1.09078,1.09093,2570
2026-06-14 13:17:00,1.09093,1.09114,1.08895,1.08907,769
2026-06-14 13:18:00,1.08907,1.09116,1.08847,1.09084,950
2026-06-14 13:19:00,1.09084,1.09088,1.08937,1.08973,762
2026-06-14 13:20:00,1.08973,1.09266,1.08881,1.09183,3025
2026-06-14 13:21:00,1.09183,1.09308,1.09176,1.093,907
2026-06-14 13:22:00,1.093,1.09362,1.0901,1.09087,1376
2026-06-14 13:23:00,1.09087,1.0932,1.09069,1.09279,2019
2026-06-14 13:24:00,1.09279,1.09514,1.09257,1.09475,3016
2026-06-14 13:25:00,1.09475,1.09532,1.09341,1.09342,2348
2026-06-14 13:26:00,1.09342,1.09372,1.09338,1.09365,1597
2026-06-14 13:27:00,1.09365,1.09407,1.09155,1.09216,2159
2026-06-14 13:28:00,1.09216,1.09256,1.09074,1.0912,672
2026-06-14 13:29:00,1.0912,1.0935,1.09032,1.09313,2272
2026-06-14 13:30:00,1.09313,1.09342,1.09068,1.09109,199
2026-06-14 13:31:00,1.09109,1.09141,1.0883,1.0892,4531
2026-06-14 13:32:00,1.0892,1.0895,1.08911,1.08947,4816
2026-06-14 13:33:00,1.08947,1.08948,1.08799,1.08803,1970
2026-06-14 13:34:00,1.08803,1.09018,1.08785,1.08995,303
2026-06-14 13:35:00,1.08995,1.09057,1.08993,1.09043,1093
2026-06-14 13:36:00,1.09043,1.09071,1.09041,1.09062,2262
2026-06-14 13:37:00,1.09062,1.09074,1.09058,1.09071,2263
2026-06-14 13:38:00,1.09071,1.09077,1.08999,1.09001,2735
2026-06-14 13:39:00,1.09001,1.09076,1.08976,1.09074,1427
2026-06-14 13:40:00,1.09074,1.09294,1.09046,1.09259,887
2026-06-14 13:41:00,1.09259,1.09517,1.09198,1.0944,4828
2026-06-14 13:42:00,1.0944,1.09454,1.09239,1.09273,4368
2026-06-14 13:43:00,1.09273,1.09368,1.09266,1.09359,2187
2026-06-14 13:44:00,1.09359,1.09369,1.09356,1.09366,1960
2026-06-14 13:45:00,1.09366,1.09378,1.09363,1.09375,528
2026-06-14 13:46:00,1.09375,1.09435,1.09106,1.09195,1571
2026-06-14 13:47:00,1.09195,1.09209,1.09191,1.09207,436
2026-06-14 13:48:00,1.09207,1.09282,1.08952,1.09035,645
2026-06-14 13:49:00,1.09035,1.09082,1.08828,1.08877,2150
2026-06-14 13:50:00,1.08877,1.0888,1.0869,1.08707,3979
2026-06-14 13:51:00,1.08707,1.0879,1.08682,1.08786,1250
2026-06-14 13:52:00,1.08786,1.08809,1.08649,1.08681,3538
2026-06-14 13:53:00,1.08681,1.08765,1.08673,1.08761,4558
2026-06-14 13:54:00,1.08761,1.08817,1.08754,1.08806,650
2026-06-14 13:55:00,1.08806,1.08836,1.08726,1.08735,2573
2026-06-14 13:56:00,1.08735,1.08767,1.08653,1.08669,2481
2026-06-14 13:57:00,1.08669,1.08808,1.08659,1.08767,4241
2026-06-14 13:58:00,1.08767,1.08849,1.08525,1.08571,1805
2026-06-14 13:59:00,1.08571,1.08589,1.08514,1.08526,1243
2026-06-14 14:00:00,1.08526,1.0875,1.08453,1.087,4258
2026-06-14 14:01:00,1.087,1.08706,1.08544,1.08558,4001
2026-06-14 14:02:00,1.08558,1.08562,1.08547,1.08548,1280
2026-06-14 14:03:00,1.08548,1.08555,1.0849,1.08497,1624
2026-06-14 14:04:00,1.08497,1.08544,1.08386,1.08391,1441
2026-06-14 14:05:00,1.08391,1.08518,1.08367,1.08482,3252
2026-06-14 14:06:00,1.08482,1.08539,1.08316,1.08332,3322
2026-06-14 14:07:00,1.08332,1.08476,1.08283,1.08435,641
2026-06-14 14:08:00,1.08435,1.08695,1.08353,1.08626,2722
2026-06-14 14:09:00,1.08626,1.08693,1.08613,1.08672,476
2026-06-14 14:10:00,1.08672,1.08787,1.0866,1.08769,3991
2026-06-14 14:11:00,1.08769,1.08992,1.08746,1.08973,4081
2026-06-14 14:12:00,1.08973,1.08987,1.08909,1.08923,2293
2026-06-14 14:13:00,1.08923,1.08929,1.08817,1.08823,430
2026-06-14 14:14:00,1.08823,1.08867,1.08706,1.08722,241
2026-06-14 14:15:00,1.08722,1.08724,1.08608,1.08617,4590
2026-06-14 14:16:00,1.08617,1.08622,1.08547,1.08551,4789
2026-06-14 14:17:00,1.08551,1.08559,1.08519,1.08524,468
2026-06-14 14:18:00,1.08524,1.08596,1.08505,1.08576,2645
2026-06-14 14:19:00,1.08576,1.08609,1.08471,1.08489,1820
2026-06-14 14:20:00,1.08489,1.08507,1.08485,1.08503,2217
2026-06-14 14:21:00,1.08503,1.08528,1.08372,1.08381,2496
2026-06-14 14:22:00,1.08381,1.08468,1.08347,1.08453,2171
2026-06-14 14:23:00,1.08453,1.0847,1.08361,1.0839,1713
2026-06-14 14:24:00,1.0839,1.08408,1.08142,1.08183,125
2026-06-14 14:25:00,1.08183,1.08184,1.07994,1.08024,1967
2026-06-14 14:26:00,1.08024,1.08067,1.07865,1.07869,3056
2026-06-14 14:27:00,1.07869,1.08042,1.07858,1.08031,4414
2026-06-14 14:28:00,1.08031,1.08206,1.08015,1.0819,4448
2026-06-14 14:29:00,1.0819,1.08191,1.08185,1.08187,2398
2026-06-14 14:30:00,1.08187,1.08198,1.08146,1.08146,3668
2026-06-14 14:31:00,1.08146,1.08283,1.08129,1.08275,1826
2026-06-14 14:32:00,1.08275,1.08292,1.08098,1.08113,610
2026-06-14 14:33:00,1.08113,1.08249,1.08098,1.08208,285
2026-06-14 14:34:00,1.08208,1.08237,1.08115,1.08138,2987
2026-06-14 14:35:00,1.08138,1.08158,1.08075,1.08093,3490
2026-06-14 14:36:00,1.08093,1.08144,1.07973,1.07977,413
2026-06-14 14:37:00,1.07977,1.07983,1.07858,1.07865,415
2026-06-14 14:38:00,1.07865,1.08086,1.07766,1.08075,4589
2026-06-14 14:39:00,1.08075,1.08091,1.08015,1.08028,4926
2026-06-14 14:40:00,1.08028,1.08063,1.08023,1.08052,4757
2026-06-14 14:41:00,1.08052,1.08235,1.07978,1.08223,2554
2026-06-14 14:42:00,1.08223,1.08391,1.08206,1.08365,4750
2026-06-14 14:43:00,1.08365,1.08642,1.08354,1.08563,1412
2026-06-14 14:44:00,1.08563,1.08647,1.08547,1.0862,2885
2026-06-14 14:45:00,1.0862,1.08697,1.08399,1.08416,787
2026-06-14 14:46:00,1.08416,1.08501,1.08205,1.08243,2371
2026-06-14 14:47:00,1.08243,1.08437,1.08238,1.08399,1601
2026-06-14 14:48:00,1.08399,1.08419,1.08304,1.08325,4444
2026-06-14 14:49:00,1.08325,1.08333,1.08288,1.08292,4234
2026-06-14 14:50:00,1.08292,1.08345,1.08139,1.08152,3568
2026-06-14 14:51:00,1.08152,1.0824,1.08137,1.08235,4217
2026-06-14 14:52:00,1.08235,1.0832,1.08207,1.08292,3306
2026-06-14 14:53:00,1.08292,1.08299,1.08188,1.08191,1086
2026-06-14 14:54:00,1.08191,1.08389,1.08148,1.08342,1649
2026-06-14 14:55:00,1.08342,1.08551,1.08284,1.08543,3464
2026-06-14 14:56:00,1.08543,1.08544,1.08536,1.08536,1189
2026-06-14 14:57:00,1.08536,1.08753,1.08447,1.08719,4890
2026-06-14 14:58:00,1.08719,1.08919,1.08663,1.08893,2769
2026-06-14 14:59:00,1.08893,1.08895,1.0887,1.08874,1674
2026-06-14 15:00:00,1.08874,1.08895,1.08682,1.0869,2222
2026-06-14 15:01:00,1.0869,1.0885,1.08649,1.08801,142
2026-06-14 15:02:00,1.08801,1.08863,1.08562,1.08614,2110
2026-06-14 15:03:00,1.08614,1.08615,1.08585,1.08593,2022
2026-06-14 15:04:00,1.08593,1.08689,1.08565,1.08658,4135
2026-06-14 15:05:00,1.08658,1.08691,1.08525,1.08546,2181
2026-06-14 15:06:00,1.08546,1.08761,1.0851,1.0875,1574
2026-06-14 15:07:00,1.0875,1.08768,1.08692,1.08708,3200
2026-06-14 15:08:00,1.08708,1.08969,1.08703,1.08923,1157
2026-06-14 15:09:00,1.08923,1.08987,1.08907,1.08976,3386
2026-06-14 15:10:00,1.08976,1.08989,1.08925,1.08933,401
2026-06-14 15:11:00,1.08933,1.09129,1.08916,1.09079,3487
2026-06-14 15:12:00,1.09079,1.09087,1.09043,1.09045,1756
2026-06-14 15:13:00,1.09045,1.09063,1.08914,1.08945,4101
2026-06-14 15:14:00,1.08945,1.08956,1.08944,1.08954,3096
2026-06-14 15:15:00,1.08954,1.0902,1.0894,1.09004,338
2026-06-14 15:16:00,1.09004,1.09051,1.0875,1.08831,1191
2026-06-14 15:17:00,1.08831,1.08984,1.0878,1.08973,2714
2026-06-14 15:18:00,1.08973,1.0908,1.08941,1.09055,1187
2026-06-14 15:19:00,1.09055,1.09056,1.09051,1.09052,3305
2026-06-14 15:20:00,1.09052,1.09064,1.09012,1.09025,4264
2026-06-14 15:21:00,1.09025,1.09101,1.08813,1.08839,3919
2026-06-14 15:22:00,1.08839,1.09006,1.0879,1.08969,822
2026-06-14 15:23:00,1.08969,1.0902,1.0896,1.09004,3788
2026-06-14 15:24:00,1.09004,1.09122,1.08968,1.09109,289
2026-06-14 15:25:00,1.09109,1.0917,1.08916,1.08933,2225
2026-06-14 15:26:00,1.08933,1.08943,1.08873,1.08893,1809
2026-06-14 15:27:00,1.08893,1.09036,1.0887,1.08992,2170
2026-06-14 15:28:00,1.08992,1.09055,1.08793,1.08852,4202
2026-06-14 15:29:00,1.08852,1.08905,1.08688,1.08735,3978
2026-06-14 15:30:00,1.08735,1.08779,1.08551,1.08589,459
2026-06-14 15:31:00,1.08589,1.086,1.08553,1.0856,3395
2026-06-14 15:32:00,1.0856,1.08566,1.08524,1.08529,523
2026-06-14 15:33:00,1.08529,1.08717,1.08485,1.0869,3567
2026-06-14 15:34:00,1.0869,1.08708,1.08591,1.08617,411
2026-06-14 15:35:00,1.08617,1.08634,1.08556,1.08575,4516
2026-06-14 15:36:00,1.08575,1.08621,1.08569,1.08608,2540
2026-06-14 15:37:00,1.08608,1.08721,1.08599,1.08714,4038
2026-06-14 15:38:00,1.08714,1.08723,1.08537,1.08586,4003
2026-06-14 15:39:00,1.08586,1.08594,1.08559,1.08563,4836
2026-06-14 15:40:00,1.08563,1.08565,1.08494,1.08508,1337
2026-06-14 15:41:00,1.08508,1.08531,1.08343,1.08344,2139
2026-06-14 15:42:00,1.08344,1.08345,1.08293,1.083,1843
2026-06-14 15:43:00,1.083,1.08353,1.08056,1.08119,2663
2026-06-14 15:44:00,1.08119,1.08181,1.0794,1.07994,1818
2026-06-14 15:45:00,1.07994,1.07997,1.07772,1.07827,2951
2026-06-14 15:46:00,1.07827,1.07927,1.07796,1.07898,186
2026-06-14 15:47:00,1.07898,1.0799,1.07889,1.07967,3158
2026-06-14 15:48:00,1.07967,1.07972,1.07854,1.07867,2327
2026-06-14 15:49:00,1.07867,1.07889,1.07866,1.07884,3891
2026-06-14 15:50:00,1.07884,1.07902,1.07881,1.07897,4635
2026-06-14 15:51:00,1.07897,1.0795,1.07896,1.07937,1803
2026-06-14 15:52:00,1.07937,1.07973,1.07927,1.07969,2429
2026-06-14 15:53:00,1.07969,1.08017,1.07776,1.07821,3210
2026-06-14 15:54:00,1.07821,1.07857,1.07646,1.07666,2709
2026-06-14 15:55:00,1.07666,1.07706,1.07663,1.07694,4737
2026-06-14 15:56:00,1.07694,1.07714,1.07686,1.07712,682
2026-06-14 15:57:00,1.07712,1.07775,1.07499,1.07565,3047
2026-06-14 15:58:00,1.07565,1.07581,1.07563,1.0758,991
2026-06-14 15:59:00,1.0758,1.07586,1.07505,1.07511,1334
2026-06-14 16:00:00,1.07511,1.07574,1.07495,1.07559,2418
2026-06-14 16:01:00,1.07559,1.07643,1.0754,1.07629,4418
2026-06-14 16:02:00,1.07629,1.07706,1.07595,1.077,625
2026-06-14 16:03:00,1.077,1.07717,1.07599,1.07628,2919
2026-06-14 16:04:00,1.07628,1.0768,1.07453,1.07457,3714
2026-06-14 16:05:00,1.07457,1.07667,1.07423,1.07619,579
2026-06-14 16:06:00,1.07619,1.07632,1.07565,1.07579,2662
2026-06-14 16:07:00,1.07579,1.07719,1.07537,1.07684,4172
2026-06-14 16:08:00,1.07684,1.07766,1.07669,1.07763,4118
2026-06-14 16:09:00,1.07763,1.07901,1.07726,1.07858,1391
2026-06-14 16:10:00,1.07858,1.07927,1.07627,1.07692,593
2026-06-14 16:11:00,1.07692,1.07857,1.07682,1.07818,594
2026-06-14 16:12:00,1.07818,1.0792,1.07773,1.07917,3434
2026-06-14 16:13:00,1.07917,1.07923,1.07889,1.07895,1023
2026-06-14 16:14:00,1.07895,1.07911,1.07892,1.07908,4736
2026-06-14 16:15:00,1.07908,1.08024,1.07894,1.07987,614
2026-06-14 16:16:00,1.07987,1.08058,1.0779,1.07836,1545
2026-06-14 16:17:00,1.07836,1.08013,1.0779,1.07973,3380
2026-06-14 16:18:00,1.07973,1.08192,1.07927,1.08129,1756
2026-06-14 16:19:00,1.08129,1.08192,1.07951,1.07988,2435
2026-06-14 16:20:00,1.07988,1.07989,1.0788,1.07904,3879
2026-06-14 16:21:00,1.07904,1.07975,1.07669,1.07694,2476
2026-06-14 16:22:00,1.07694,1.07724,1.07585,1.076,3129
2026-06-14 16:23:00,1.076,1.07704,1.0757,1.07674,1496
2026-06-14 16:24:00,1.07674,1.07793,1.07633,1.07774,2130
2026-06-14 16:25:00,1.07774,1.07779,1.07695,1.07715,3318
2026-06-14 16:26:00,1.07715,1.07716,1.07712,1.07713,2966
2026-06-14 16:27:00,1.07713,1.07873,1.07642,1.07867,837
2026-06-14 16:28:00,1.07867,1.07947,1.07631,1.07701,3845
2026-06-14 16:29:00,1.07701,1.07732,1.0769,1.07727,3140
2026-06-14 16:30:00,1.07727,1.07828,1.07499,1.0752,2106
2026-06-14 16:31:00,1.0752,1.07687,1.07474,1.07651,1756
2026-06-14 16:32:00,1.07651,1.07663,1.07486,1.07524,3276
2026-06-14 16:33:00,1.07524,1.07573,1.075,1.07572,346
2026-06-14 16:34:00,1.07572,1.07584,1.07567,1.07582,3610
2026-06-14 16:35:00,1.07582,1.07811,1.07581,1.07794,2134
2026-06-14 16:36:00,1.07794,1.07886,1.07762,1.07861,2125
2026-06-14 16:37:00,1.07861,1.07987,1.0782,1.07951,1122
2026-06-14 16:38:00,1.07951,1.08082,1.07904,1.0808,2285
2026-06-14 16:39:00,1.0808,1.08292,1.08015,1.08279,3013
2026-06-14 16:40:00,1.08279,1.08397,1.08277,1.08383,2172
2026-06-14 16:41:00,1.08383,1.08551,1.08325,1.08547,3681
2026-06-14 16:42:00,1.08547,1.08691,1.08534,1.08682,2378
2026-06-14 16:43:00,1.08682,1.08683,1.08638,1.08648,1705
2026-06-14 16:44:00,1.08648,1.08654,1.08358,1.08453,2864
2026-06-14 16:45:00,1.08453,1.08483,1.08382,1.08387,3733
2026-06-14 16:46:00,1.08387,1.08404,1.082,1.08249,1866
2026-06-14 16:47:00,1.08249,1.08283,1.08084,1.08111,4766
2026-06-14 16:48:00,1.08111,1.0831,1.08071,1.08269,4242
2026-06-14 16:49:00,1.08269,1.08284,1.08166,1.08187,3811
2026-06-14 16:50:00,1.08187,1.08296,1.08176,1.0827,4718
2026-06-14 16:51:00,1.0827,1.08277,1.08229,1.08234,2061
2026-06-14 16:52:00,1.08234,1.08241,1.08156,1.08165,3513
2026-06-14 16:53:00,1.08165,1.08177,1.08041,1.08081,4469
2026-06-14 16:54:00,1.08081,1.08193,1.08065,1.08173,3524
2026-06-14 16:55:00,1.08173,1.08195,1.08057,1.08086,3980
2026-06-14 16:56:00,1.08086,1.08327,1.08024,1.08267,4395
2026-06-14 16:57:00,1.08267,1.0831,1.08137,1.08139,2927
2026-06-14 16:58:00,1.08139,1.08312,1.08127,1.08287,1374
2026-06-14 16:59:00,1.08287,1.08357,1.08258,1.08355,1313
2026-06-14 17:00:00,1.08355,1.08414,1.08158,1.08204,314
2026-06-14 17:01:00,1.08204,1.08453,1.08111,1.08417,814
2026-06-14 17:02:00,1.08417,1.0868,1.08331,1.0862,4012
2026-06-14 17:03:00,1.0862,1.08652,1.08615,1.08647,3241
2026-06-14 17:04:00,1.08647,1.08668,1.08575,1.08577,1584
2026-06-14 17:05:00,1.08577,1.08593,1.08335,1.0836,1070
2026-06-14 17:06:00,1.0836,1.08371,1.08254,1.08277,617
2026-06-14 17:07:00,1.08277,1.0829,1.08276,1.08286,3615
2026-06-14 17:08:00,1.08286,1.0854,1.08198,1.08481,4527
2026-06-14 17:09:00,1.08481,1.08495,1.08285,1.08315,448
2026-06-14 17:10:00,1.08315,1.08338,1.08097,1.0811,3613
2026-06-14 17:11:00,1.0811,1.08185,1.08106,1.08162,798
2026-06-14 17:12:00,1.08162,1.08345,1.08097,1.08336,3400
2026-06-14 17:13:00,1.08336,1.084,1.08061,1.08149,3497
2026-06-14 17:14:00,1.08149,1.08234,1.08145,1.08207,3385
2026-06-14 17:15:00,1.08207,1.08211,1.08194,1.08197,869
2026-06-14 17:16:00,1.08197,1.0824,1.08188,1.08228,3670
2026-06-14 17:17:00,1.08228,1.08474,1.08161,1.0841,1335
2026-06-14 17:18:00,1.0841,1.08438,1.08292,1.08313,519
2026-06-14 17:19:00,1.08313,1.08513,1.08302,1.08454,3337
2026-06-14 17:20:00,1.08454,1.08489,1.08292,1.08299,3463
2026-06-14 17:21:00,1.08299,1.08302,1.0829,1.08291,2362
2026-06-14 17:22:00,1.08291,1.08479,1.08217,1.08468,928
2026-06-14 17:23:00,1.08468,1.08654,1.08451,1.08626,1282
2026-06-14 17:24:00,1.08626,1.08628,1.08625,1.08627,1000
2026-06-14 17:25:00,1.08627,1.08796,1.08565,1.08763,1670
2026-06-14 17:26:00,1.08763,1.09032,1.08758,1.08981,926
2026-06-14 17:27:00,1.08981,1.09105,1.08965,1.09093,849
2026-06-14 17:28:00,1.09093,1.09108,1.08943,1.08989,451
2026-06-14 17:29:00,1.08989,1.09162,1.0897,1.09145,2730
2026-06-14 17:30:00,1.09145,1.09185,1.08959,1.09007,3318
2026-06-14 17:31:00,1.09007,1.09072,1.08796,1.08835,1326
2026-06-14 17:32:00,1.08835,1.08855,1.0864,1.08652,147
2026-06-14 17:33:00,1.08652,1.08691,1.08446,1.08457,4729
2026-06-14 17:34:00,1.08457,1.08581,1.08438,1.08559,4030
2026-06-14 17:35:00,1.08559,1.08595,1.08431,1.08466,4119
2026-06-14 17:36:00,1.08466,1.08476,1.0825,1.08321,824
2026-06-14 17:37:00,1.08321,1.08397,1.08308,1.08372,3904
2026-06-14 17:38:00,1.08372,1.08407,1.08239,1.08277,4956
2026-06-14 17:39:00,1.08277,1.0846,1.08227,1.08406,3600
2026-06-14 17:40:00,1.08406,1.08634,1.08342,1.0862,4006
2026-06-14 17:41:00,1.0862,1.08632,1.08549,1.08567,4481
2026-06-14 17:42:00,1.08567,1.08641,1.0855,1.0863,2390
2026-06-14 17:43:00,1.0863,1.08653,1.0863,1.0865,1491
2026-06-14 17:44:00,1.0865,1.08651,1.08647,1.08647,233
2026-06-14 17:45:00,1.08647,1.08902,1.08626,1.08843,2881
2026-06-14 17:46:00,1.08843,1.08865,1.08676,1.0873,862
2026-06-14 17:47:00,1.0873,1.08891,1.08725,1.08844,4064
2026-06-14 17:48:00,1.08844,1.09081,1.0881,1.09006,1284
2026-06-14 17:49:00,1.09006,1.09006,1.08989,1.0899,4658
2026-06-14 17:50:00,1.0899,1.09195,1.08935,1.09151,3898
2026-06-14 17:51:00,1.09151,1.09169,1.08935,1.09006,4411
2026-06-14 17:52:00,1.09006,1.09014,1.08935,1.08957,260
2026-06-14 17:53:00,1.08957,1.08963,1.08882,1.08903,2617
2026-06-14 17:54:00,1.08903,1.09087,1.08837,1.09037,3927
2026-06-14 17:55:00,1.09037,1.09037,1.09036,1.09036,4086
2026-06-14 17:56:00,1.09036,1.09054,1.09036,1.09051,1402
2026-06-14 17:57:00,1.09051,1.09222,1.09018,1.09221,1663
2026-06-14 17:58:00,1.09221,1.09261,1.09218,1.09254,3636
2026-06-14 17:59:00,1.09254,1.09257,1.09247,1.09249,240
2026-06-14 18:00:00,1.09249,1.0931,1.09236,1.09291,1111
2026-06-14 18:01:00,1.09291,1.09318,1.09132,1.09184,4845
2026-06-14 18:02:00,1.09184,1.09414,1.09109,1.09367,3849
2026-06-14 18:03:00,1.09367,1.09515,1.09298,1.09507,677
2026-06-14 18:04:00,1.09507,1.09518,1.0946,1.09473,4845
2026-06-14 18:05:00,1.09473,1.09732,1.09395,1.09683,2914
2026-06-14 18:06:00,1.09683,1.0982,1.09679,1.09787,939
2026-06-14 18:07:00,1.09787,1.10003,1.0973,1.09989,523
2026-06-14 18:08:00,1.09989,1.09993,1.09927,1.0993,1408
2026-06-14 18:09:00,1.0993,1.0996,1.09927,1.09951,2725
2026-06-14 18:10:00,1.09951,1.10046,1.09948,1.10026,4790
2026-06-14 18:11:00,1.10026,1.10235,1.10017,1.10178,1341
2026-06-14 18:12:00,1.10178,1.10366,1.10108,1.1034,3461
2026-06-14 18:13:00,1.1034,1.1036,1.10335,1.10357,2854
2026-06-14 18:14:00,1.10357,1.10394,1.10145,1.10209,1207
2026-06-14 18:15:00,1.10209,1.10215,1.10118,1.10145,4546
2026-06-14 18:16:00,1.10145,1.10351,1.1007,1.10313,2703
2026-06-14 18:17:00,1.10313,1.10357,1.10109,1.10167,1410
2026-06-14 18:18:00,1.10167,1.1035,1.10159,1.10295,1312
2026-06-14 18:19:00,1.10295,1.10378,1.10068,1.10082,4939
2026-06-14 18:20:00,1.10082,1.10084,1.10081,1.10083,3614
2026-06-14 18:21:00,1.10083,1.10124,1.10083,1.10115,892
2026-06-14 18:22:00,1.10115,1.10116,1.10112,1.10113,699
2026-06-14 18:23:00,1.10113,1.10186,1.10099,1.10172,3296
2026-06-14 18:24:00,1.10172,1.10281,1.10145,1.10268,1748
2026-06-14 18:25:00,1.10268,1.10289,1.10262,1.10287,1244
2026-06-14 18:26:00,1.10287,1.10316,1.10075,1.10122,1339
2026-06-14 18:27:00,1.10122,1.10127,1.10091,1.10093,3008
2026-06-14 18:28:00,1.10093,1.10123,1.1008,1.10119,226
2026-06-14 18:29:00,1.10119,1.10312,1.10109,1.10291,4125
2026-06-14 18:30:00,1.10291,1.10294,1.10183,1.102,4753
2026-06-14 18:31:00,1.102,1.10377,1.10134,1.10344,378
2026-06-14 18:32:00,1.10344,1.10671,1.10313,1.10563,1523
2026-06-14 18:33:00,1.10563,1.10584,1.10497,1.10513,3674
2026-06-14 18:34:00,1.10513,1.10533,1.10513,1.10527,4916
2026-06-14 18:35:00,1.10527,1.10528,1.10515,1.10517,1345
2026-06-14 18:36:00,1.10517,1.10779,1.10481,1.10693,1477
2026-06-14 18:37:00,1.10693,1.10762,1.10367,1.10474,1566
2026-06-14 18:38:00,1.10474,1.10628,1.10437,1.10583,3350
2026-06-14 18:39:00,1.10583,1.1066,1.1058,1.10648,1764
2026-06-14 18:40:00,1.10648,1.10851,1.10587,1.1079,3135
2026-06-14 18:41:00,1.1079,1.10839,1.10589,1.10645,4282
2026-06-14 18:42:00,1.10645,1.10882,1.1064,1.1082,1971
2026-06-14 18:43:00,1.1082,1.10923,1.10781,1.10917,2151
2026-06-14 18:44:00,1.10917,1.10925,1.10771,1.10799,1154
2026-06-14 18:45:00,1.10799,1.10845,1.10642,1.10657,2988
2026-06-14 18:46:00,1.10657,1.10657,1.10615,1.10623,4470
2026-06-14 18:47:00,1.10623,1.10628,1.1055,1.10573,2895
2026-06-14 18:48:00,1.10573,1.10771,1.10557,1.10712,3590
2026-06-14 18:49:00,1.10712,1.10931,1.1069,1.10919,1327
2026-06-14 18:50:00,1.10919,1.10923,1.10675,1.10755,4919
2026-06-14 18:51:00,1.10755,1.10768,1.10527,1.1058,4730
2026-06-14 18:52:00,1.1058,1.1069,1.10542,1.10679,4457
2026-06-14 18:53:00,1.10679,1.10855,1.10648,1.10836,1155
2026-06-14 18:54:00,1.10836,1.10943,1.10797,1.10928,3534
2026-06-14 18:55:00,1.10928,1.111,1.10885,1.11051,2362
2026-06-14 18:56:00,1.11051,1.11078,1.10948,1.1098,855
2026-06-14 18:57:00,1.1098,1.1099,1.1094,1.10945,4294
2026-06-14 18:58:00,1.10945,1.11014,1.10941,1.10993,2218
2026-06-14 18:59:00,1.10993,1.11184,1.10958,1.11122,673
2026-06-14 19:00:00,1.11122,1.11332,1.1103,1.11313,1267
2026-06-14 19:01:00,1.11313,1.11323,1.11201,1.11204,2648
2026-06-14 19:02:00,1.11204,1.11401,1.1114,1.11347,409
2026-06-14 19:03:00,1.11347,1.11585,1.11281,1.11532,1813
2026-06-14 19:04:00,1.11532,1.11604,1.11514,1.11585,335
2026-06-14 19:05:00,1.11585,1.11749,1.11572,1.11697,1850
2026-06-14 19:06:00,1.11697,1.11869,1.11679,1.11837,3686
2026-06-14 19:07:00,1.11837,1.11866,1.11667,1.1169,2514
2026-06-14 19:08:00,1.1169,1.11947,1.11635,1.11906,4954
2026-06-14 19:09:00,1.11906,1.11923,1.11865,1.1187,4258
2026-06-14 19:10:00,1.1187,1.12062,1.11821,1.12022,4729
2026-06-14 19:11:00,1.12022,1.12069,1.11822,1.11872,428
2026-06-14 19:12:00,1.11872,1.11978,1.11872,1.11956,1856
2026-06-14 19:13:00,1.11956,1.11974,1.11901,1.11917,1161
2026-06-14 19:14:00,1.11917,1.12053,1.11886,1.12009,4548
2026-06-14 19:15:00,1.12009,1.12016,1.11993,1.11993,746
2026-06-14 19:16:00,1.11993,1.12103,1.11948,1.12097,2356
2026-06-14 19:17:00,1.12097,1.121,1.12082,1.12085,4206
2026-06-14 19:18:00,1.12085,1.12239,1.12085,1.12208,3667
2026-06-14 19:19:00,1.12208,1.12311,1.12181,1.12305,4734
2026-06-14 19:20:00,1.12305,1.12327,1.12178,1.12209,3352
2026-06-14 19:21:00,1.12209,1.1225,1.12098,1.12113,2139
2026-06-14 19:22:00,1.12113,1.1212,1.12028,1.12047,1240
2026-06-14 19:23:00,1.12047,1.12052,1.12025,1.12029,4811
2026-06-14 19:24:00,1.12029,1.12191,1.11987,1.12152,3416
2026-06-14 19:25:00,1.12152,1.1217,1.12015,1.12056,1139
2026-06-14 19:26:00,1.12056,1.1207,1.12018,1.12019,3760
2026-06-14 19:27:00,1.12019,1.12023,1.11939,1.11962,1057
2026-06-14 19:28:00,1.11962,1.11993,1.1178,1.11794,972
2026-06-14 19:29:00,1.11794,1.12009,1.11775,1.11981,833
2026-06-14 19:30:00,1.11981,1.12029,1.11981,1.12018,2041
2026-06-14 19:31:00,1.12018,1.12035,1.11862,1.11901,3019
2026-06-14 19:32:00,1.11901,1.11921,1.1184,1.11851,1787
2026-06-14 19:33:00,1.11851,1.11859,1.1175,1.11751,3107
2026-06-14 19:34:00,1.11751,1.12001,1.11663,1.11952,4765
2026-06-14 19:35:00,1.11952,1.12003,1.11952,1.11993,4175
2026-06-14 19:36:00,1.11993,1.1223,1.11941,1.12178,495
2026-06-14 19:37:00,1.12178,1.12339,1.12158,1.12292,2404
2026-06-14 19:38:00,1.12292,1.12424,1.12272,1.12397,353
2026-06-14 19:39:00,1.12397,1.12639,1.12366,1.12592,3875
2026-06-14 19:40:00,1.12592,1.12701,1.1226,1.1237,1092
2026-06-14 19:41:00,1.1237,1.12529,1.12368,1.12509,4802
2026-06-14 19:42:00,1.12509,1.1251,1.12327,1.12381,1603
2026-06-14 19:43:00,1.12381,1.12442,1.12188,1.12201,405
2026-06-14 19:44:00,1.12201,1.12231,1.12082,1.12106,2847
2026-06-14 19:45:00,1.12106,1.12143,1.1194,1.11974,671
2026-06-14 19:46:00,1.11974,1.12183,1.11972,1.12134,452
2026-06-14 19:47:00,1.12134,1.1214,1.12062,1.12077,2130
2026-06-14 19:48:00,1.12077,1.12089,1.12076,1.12088,2171
2026-06-14 19:49:00,1.12088,1.12207,1.12063,1.12182,1958
2026-06-14 19:50:00,1.12182,1.12443,1.121,1.12388,4637
2026-06-14 19:51:00,1.12388,1.1244,1.12379,1.12426,2873
2026-06-14 19:52:00,1.12426,1.12568,1.1236,1.12564,1722
2026-06-14 19:53:00,1.12564,1.12663,1.12552,1.12662,546
2026-06-14 19:54:00,1.12662,1.1291,1.12662,1.12887,3665
2026-06-14 19:55:00,1.12887,1.12931,1.12872,1.12926,4685
2026-06-14 19:56:00,1.12926,1.13037,1.12899,1.1303,654
2026-06-14 19:57:00,1.1303,1.13137,1.13021,1.13104,3643
2026-06-14 19:58:00,1.13104,1.13148,1.12865,1.12879,2884
2026-06-14 19:59:00,1.12879,1.12915,1.12754,1.12791,2764
2026-06-14 20:00:00,1.12791,1.12794,1.12532,1.12567,1054
2026-06-14 20:01:00,1.12567,1.1257,1.12516,1.12526,2098
2026-06-14 20:02:00,1.12526,1.12586,1.12524,1.12568,4002
2026-06-14 20:03:00,1.12568,1.12581,1.12493,1.12498,4985
2026-06-14 20:04:00,1.12498,1.12516,1.12495,1.12516,2159
2026-06-14 20:05:00,1.12516,1.12518,1.12458,1.12473,819
2026-06-14 20:06:00,1.12473,1.12657,1.12466,1.12603,3134
2026-06-14 20:07:00,1.12603,1.12611,1.12429,1.12472,4990
2026-06-14 20:08:00,1.12472,1.12491,1.12324,1.12347,4808
2026-06-14 20:09:00,1.12347,1.12365,1.12174,1.12204,153
2026-06-14 20:10:00,1.12204,1.12328,1.12156,1.12305,1636
2026-06-14 20:11:00,1.12305,1.1231,1.12282,1.12285,4826
2026-06-14 20:12:00,1.12285,1.12343,1.12274,1.1234,2154
2026-06-14 20:13:00,1.1234,1.12518,1.12282,1.12482,1435
2026-06-14 20:14:00,1.12482,1.12648,1.12474,1.12622,472
2026-06-14 20:15:00,1.12622,1.12853,1.12608,1.12796,646
2026-06-14 20:16:00,1.12796,1.12866,1.12552,1.12593,137
2026-06-14 20:17:00,1.12593,1.12658,1.12568,1.1265,1152
2026-06-14 20:18:00,1.1265,1.12706,1.12379,1.1243,4891
2026-06-14 20:19:00,1.1243,1.12464,1.12315,1.12346,3769
2026-06-14 20:20:00,1.12346,1.12374,1.12274,1.12289,3630
2026-06-14 20:21:00,1.12289,1.12301,1.12239,1.12244,2111
2026-06-14 20:22:00,1.12244,1.1238,1.12198,1.12349,4884
2026-06-14 20:23:00,1.12349,1.12426,1.12341,1.12412,1851
2026-06-14 20:24:00,1.12412,1.12435,1.12345,1.12362,4170
2026-06-14 20:25:00,1.12362,1.124,1.12247,1.12258,1306
2026-06-14 20:26:00,1.12258,1.12262,1.12186,1.1221,1247
2026-06-14 20:27:00,1.1221,1.1221,1.12129,1.12154,2686
2026-06-14 20:28:00,1.12154,1.12243,1.11927,1.11972,4072
2026-06-14 20:29:00,1.11972,1.12164,1.11956,1.12144,655
2026-06-14 20:30:00,1.12144,1.12217,1.11938,1.11972,2502
2026-06-14 20:31:00,1.11972,1.1199,1.11849,1.1187,731
2026-06-14 20:32:00,1.1187,1.1188,1.11817,1.11826,1508
2026-06-14 20:33:00,1.11826,1.11827,1.11741,1.11767,4568
2026-06-14 20:34:00,1.11767,1.11774,1.11764,1.11773,1863
2026-06-14 20:35:00,1.11773,1.11823,1.11765,1.11816,3660
2026-06-14 20:36:00,1.11816,1.11926,1.11786,1.11891,1151
2026-06-14 20:37:00,1.11891,1.11906,1.11812,1.11824,4481
2026-06-14 20:38:00,1.11824,1.1191,1.11789,1.11907,4426
2026-06-14 20:39:00,1.11907,1.11926,1.11903,1.11922,4556
2026-06-14 20:40:00,1.11922,1.12058,1.11871,1.12025,4244
2026-06-14 20:41:00,1.12025,1.12043,1.11894,1.11894,3448
2026-06-14 20:42:00,1.11894,1.11894,1.11891,1.11892,1611
2026-06-14 20:43:00,1.11892,1.11901,1.11625,1.11693,2620
2026-06-14 20:44:00,1.11693,1.11709,1.11637,1.1164,3027
2026-06-14 20:45:00,1.1164,1.11641,1.1164,1.11641,3214
2026-06-14 20:46:00,1.11641,1.11835,1.11591,1.11782,3125
2026-06-14 20:47:00,1.11782,1.11841,1.11635,1.11651,1920
2026-06-14 20:48:00,1.11651,1.11695,1.11375,1.11455,506
2026-06-14 20:49:00,1.11455,1.11599,1.11448,1.11571,1474
2026-06-14 20:50:00,1.11571,1.11809,1.11502,1.11737,3303
2026-06-14 20:51:00,1.11737,1.11788,1.116,1.11618,2347
2026-06-14 20:52:00,1.11618,1.11788,1.11577,1.11778,149
2026-06-14 20:53:00,1.11778,1.11912,1.11749,1.11888,594
2026-06-14 20:54:00,1.11888,1.12114,1.11817,1.12069,1484
2026-06-14 20:55:00,1.12069,1.12098,1.11999,1.12006,4703
2026-06-14 20:56:00,1.12006,1.12011,1.11828,1.11852,1410
2026-06-14 20:57:00,1.11852,1.11858,1.11818,1.11827,2641
2026-06-14 20:58:00,1.11827,1.11901,1.11559,1.11617,4073
2026-06-14 20:59:00,1.11617,1.11652,1.11614,1.1165,994
2026-06-14 21:00:00,1.1165,1.1186,1.11628,1.11796,2974
2026-06-14 21:01:00,1.11796,1.11833,1.11551,1.11607,4722
2026-06-14 21:02:00,1.11607,1.11753,1.11547,1.11745,4094
2026-06-14 21:03:00,1.11745,1.11787,1.11609,1.11622,562
2026-06-14 21:04:00,1.11622,1.11677,1.11452,1.11504,1822
2026-06-14 21:05:00,1.11504,1.1152,1.11291,1.11294,360
2026-06-14 21:06:00,1.11294,1.11396,1.11277,1.11368,4789
2026-06-14 21:07:00,1.11368,1.1137,1.1135,1.11356,2970
2026-06-14 21:08:00,1.11356,1.11379,1.11199,1.11209,4149
2026-06-14 21:09:00,1.11209,1.11209,1.11162,1.11173,4298
2026-06-14 21:10:00,1.11173,1.112,1.11086,1.11112,3210
2026-06-14 21:11:00,1.11112,1.1114,1.10883,1.10914,2945
2026-06-14 21:12:00,1.10914,1.11146,1.10909,1.11084,1981
2026-06-14 21:13:00,1.11084,1.11098,1.10981,1.10989,1460
2026-06-14 21:14:00,1.10989,1.11055,1.10815,1.10833,3698
2026-06-14 21:15:00,1.10833,1.10907,1.10808,1.10884,3129
2026-06-14 21:16:00,1.10884,1.10957,1.10674,1.1069,4098
2026-06-14 21:17:00,1.1069,1.10739,1.10459,1.10482,2155
2026-06-14 21:18:00,1.10482,1.10514,1.1041,1.10415,1471
2026-06-14 21:19:00,1.10415,1.10516,1.10401,1.10489,104
2026-06-14 21:20:00,1.10489,1.10581,1.10234,1.10291,460
2026-06-14 21:21:00,1.10291,1.10335,1.10159,1.102,1018
2026-06-14 21:22:00,1.102,1.10261,1.09956,1.09992,4576
2026-06-14 21:23:00,1.09992,1.10004,1.09871,1.09911,4753
2026-06-14 21:24:00,1.09911,1.10005,1.09886,1.09974,4420
2026-06-14 21:25:00,1.09974,1.10005,1.09845,1.09874,4763
2026-06-14 21:26:00,1.09874,1.10002,1.09834,1.09969,4598
2026-06-14 21:27:00,1.09969,1.10007,1.09852,1.09871,4940
2026-06-14 21:28:00,1.09871,1.09896,1.09761,1.09779,2934
2026-06-14 21:29:00,1.09779,1.09898,1.09753,1.09879,4058
2026-06-14 21:30:00,1.09879,1.09929,1.09869,1.09921,2496
2026-06-14 21:31:00,1.09921,1.10035,1.0989,1.09998,1407
2026-06-14 21:32:00,1.09998,1.10022,1.09718,1.09806,4645
2026-06-14 21:33:00,1.09806,1.09862,1.09801,1.09857,4959
2026-06-14 21:34:00,1.09857,1.09957,1.09824,1.0994,1448
2026-06-14 21:35:00,1.0994,1.1018,1.09854,1.10119,516
2026-06-14 21:36:00,1.10119,1.10158,1.10116,1.1015,347
2026-06-14 21:37:00,1.1015,1.10165,1.10147,1.10162,2354
2026-06-14 21:38:00,1.10162,1.10223,1.09989,1.10024,2876
2026-06-14 21:39:00,1.10024,1.1015,1.10017,1.10122,2732
2026-06-14 21:40:00,1.10122,1.10126,1.10112,1.10113,574
2026-06-14 21:41:00,1.10113,1.10189,1.10093,1.10178,1539
2026-06-14 21:42:00,1.10178,1.10278,1.10174,1.10258,2222
2026-06-14 21:43:00,1.10258,1.10563,1.1018,1.10477,4297
2026-06-14 21:44:00,1.10477,1.10542,1.10449,1.10535,730
2026-06-14 21:45:00,1.10535,1.10546,1.10532,1.10545,4055
2026-06-14 21:46:00,1.10545,1.1055,1.10543,1.10549,1590
2026-06-14 21:47:00,1.10549,1.10663,1.10503,1.1066,3400
2026-06-14 21:48:00,1.1066,1.10669,1.10657,1.10666,284
2026-06-14 21:49:00,1.10666,1.10765,1.10627,1.10763,1125
2026-06-14 21:50:00,1.10763,1.10793,1.10656,1.10656,1642
2026-06-14 21:51:00,1.10656,1.10671,1.10456,1.10498,2021
2026-06-14 21:52:00,1.10498,1.10695,1.1049,1.10689,2247
2026-06-14 21:53:00,1.10689,1.10723,1.10501,1.10546,2551
2026-06-14 21:54:00,1.10546,1.10641,1.10538,1.10612,3687
2026-06-14 21:55:00,1.10612,1.10837,1.10541,1.10778,4150
2026-06-14 21:56:00,1.10778,1.10779,1.10767,1.10767,2803
2026-06-14 21:57:00,1.10767,1.10979,1.10756,1.10966,3777
2026-06-14 21:58:00,1.10966,1.10967,1.10802,1.10848,3885
2026-06-14 21:59:00,1.10848,1.10851,1.10781,1.108,4280
2026-06-14 22:00:00,1.108,1.10943,1.10768,1.1092,2704
2026-06-14 22:01:00,1.1092,1.11092,1.10879,1.11082,667
2026-06-14 22:02:00,1.11082,1.11084,1.10814,1.10891,400
2026-06-14 22:03:00,1.10891,1.10902,1.10695,1.10739,4049
2026-06-14 22:04:00,1.10739,1.10792,1.10735,1.10788,4159
2026-06-14 22:05:00,1.10788,1.10807,1.10672,1.10709,900
2026-06-14 22:06:00,1.10709,1.10747,1.10579,1.10609,3289
2026-06-14 22:07:00,1.10609,1.1074,1.10573,1.10713,2538
2026-06-14 22:08:00,1.10713,1.10898,1.10634,1.10896,4485
2026-06-14 22:09:00,1.10896,1.11053,1.10866,1.11033,1698
2026-06-14 22:10:00,1.11033,1.11044,1.10926,1.10951,1137
2026-06-14 22:11:00,1.10951,1.10968,1.10856,1.10863,4293
2026-06-14 22:12:00,1.10863,1.11072,1.1081,1.11006,2723
2026-06-14 22:13:00,1.11006,1.11006,1.10996,1.10998,2883
2026-06-14 22:14:00,1.10998,1.11003,1.10969,1.10973,2651
2026-06-14 22:15:00,1.10973,1.10974,1.1075,1.10805,4703
2026-06-14 22:16:00,1.10805,1.10821,1.10627,1.10628,1694
2026-06-14 22:17:00,1.10628,1.10672,1.10467,1.10503,3646
2026-06-14 22:18:00,1.10503,1.10635,1.105,1.10613,4879
2026-06-14 22:19:00,1.10613,1.10715,1.10591,1.10683,360
2026-06-14 22:20:00,1.10683,1.10747,1.1047,1.10474,377
2026-06-14 22:21:00,1.10474,1.10474,1.10439,1.10448,2310
2026-06-14 22:22:00,1.10448,1.10451,1.104,1.10409,332
2026-06-14 22:23:00,1.10409,1.10526,1.10409,1.10497,1218
2026-06-14 22:24:00,1.10497,1.10499,1.10421,1.10427,4281
2026-06-14 22:25:00,1.10427,1.10511,1.10424,1.10508,4644
2026-06-14 22:26:00,1.10508,1.1057,1.10501,1.10559,3684
2026-06-14 22:27:00,1.10559,1.10677,1.10542,1.10648,3978
2026-06-14 22:28:00,1.10648,1.10685,1.10384,1.10443,951
2026-06-14 22:29:00,1.10443,1.10556,1.10436,1.10544,359
2026-06-14 22:30:00,1.10544,1.10594,1.10531,1.1058,4309
2026-06-14 22:31:00,1.1058,1.10581,1.10576,1.10577,1649
2026-06-14 22:32:00,1.10577,1.10691,1.1057,1.10684,1563
2026-06-14 22:33:00,1.10684,1.10794,1.10671,1.1077,3766
2026-06-14 22:34:00,1.1077,1.10826,1.10756,1.10812,713
2026-06-14 22:35:00,1.10812,1.10825,1.10562,1.10634,3450
2026-06-14 22:36:00,1.10634,1.1066,1.10626,1.10657,2331
2026-06-14 22:37:00,1.10657,1.1088,1.10602,1.10862,1953
2026-06-14 22:38:00,1.10862,1.11085,1.10803,1.11081,570
2026-06-14 22:39:00,1.11081,1.1115,1.10854,1.10879,1058
2026-06-14 22:40:00,1.10879,1.10964,1.10644,1.10668,2410
2026-06-14 22:41:00,1.10668,1.10771,1.10655,1.1075,1128
2026-06-14 22:42:00,1.1075,1.10782,1.10543,1.10597,3238
2026-06-14 22:43:00,1.10597,1.10615,1.10476,1.10515,1916
2026-06-14 22:44:00,1.10515,1.10535,1.10451,1.10451,1435
2026-06-14 22:45:00,1.10451,1.10482,1.10248,1.10297,1166
2026-06-14 22:46:00,1.10297,1.10448,1.10274,1.10412,4882
2026-06-14 22:47:00,1.10412,1.10571,1.10402,1.10559,2784
2026-06-14 22:48:00,1.10559,1.10568,1.10374,1.10427,412
2026-06-14 22:49:00,1.10427,1.10442,1.10347,1.10356,4999
2026-06-14 22:50:00,1.10356,1.10376,1.1025,1.10254,3208
2026-06-14 22:51:00,1.10254,1.10428,1.10253,1.10414,4123
2026-06-14 22:52:00,1.10414,1.10622,1.10359,1.10609,2512
2026-06-14 22:53:00,1.10609,1.10615,1.10568,1.10577,4634
2026-06-14 22:54:00,1.10577,1.10619,1.10457,1.10463,2598
2026-06-14 22:55:00,1.10463,1.10562,1.10445,1.10531,3299
2026-06-14 22:56:00,1.10531,1.10537,1.10272,1.10351,2170
2026-06-14 22:57:00,1.10351,1.10383,1.10185,1.10238,1273
2026-06-14 22:58:00,1.10238,1.10251,1.10115,1.10154,3445
2026-06-14 22:59:00,1.10154,1.10158,1.10118,1.10122,635
2026-06-14 23:00:00,1.10122,1.10345,1.1011,1.10274,2120
2026-06-14 23:01:00,1.10274,1.10304,1.1017,1.10203,2149
2026-06-14 23:02:00,1.10203,1.10216,1.10163,1.10173,2149
2026-06-14 23:03:00,1.10173,1.10193,1.10017,1.10061,3346
2026-06-14 23:04:00,1.10061,1.10068,1.1006,1.10065,580
2026-06-14 23:05:00,1.10065,1.10118,1.09941,1.09953,2013
2026-06-14 23:06:00,1.09953,1.10051,1.09941,1.10047,799
2026-06-14 23:07:00,1.10047,1.10053,1.10046,1.10051,2772
2026-06-14 23:08:00,1.10051,1.10064,1.09815,1.09857,1383
2026-06-14 23:09:00,1.09857,1.10016,1.09807,1.09999,2791
2026-06-14 23:10:00,1.09999,1.10023,1.09915,1.09927,2643
2026-06-14 23:11:00,1.09927,1.10016,1.09617,1.09714,1939
2026-06-14 23:12:00,1.09714,1.09718,1.09624,1.09651,4042
2026-06-14 23:13:00,1.09651,1.09694,1.0952,1.09552,2918
2026-06-14 23:14:00,1.09552,1.09607,1.09384,1.09401,3672
2026-06-14 23:15:00,1.09401,1.09548,1.09356,1.09509,2772
2026-06-14 23:16:00,1.09509,1.09561,1.09359,1.09392,3217
2026-06-14 23:17:00,1.09392,1.09396,1.09237,1.09257,2075
2026-06-14 23:18:00,1.09257,1.09316,1.09046,1.09071,2258
2026-06-14 23:19:00,1.09071,1.09113,1.08954,1.08983,3230
2026-06-14 23:20:00,1.08983,1.09155,1.08973,1.09142,2652
2026-06-14 23:21:00,1.09142,1.09184,1.08951,1.09006,2690
2026-06-14 23:22:00,1.09006,1.09039,1.08998,1.09036,2116
2026-06-14 23:23:00,1.09036,1.0904,1.08862,1.08902,384
2026-06-14 23:24:00,1.08902,1.08903,1.08896,1.08896,2712
2026-06-14 23:25:00,1.08896,1.0904,1.08891,1.09016,1386
2026-06-14 23:26:00,1.09016,1.09018,1.09003,1.09004,3486
2026-06-14 23:27:00,1.09004,1.09078,1.08744,1.08826,697
2026-06-14 23:28:00,1.08826,1.08828,1.08814,1.08817,639
2026-06-14 23:29:00,1.08817,1.08839,1.08761,1.08766,4624
2026-06-14 23:30:00,1.08766,1.08767,1.08744,1.08749,1583
2026-06-14 23:31:00,1.08749,1.08764,1.08747,1.08759,3091
2026-06-14 23:32:00,1.08759,1.08784,1.08679,1.08693,949
2026-06-14 23:33:00,1.08693,1.08858,1.08676,1.08811,190
2026-06-14 23:34:00,1.08811,1.08913,1.08774,1.08892,3916
2026-06-14 23:35:00,1.08892,1.08901,1.08892,1.08898,3733
2026-06-14 23:36:00,1.08898,1.09015,1.08862,1.08977,2531
2026-06-14 23:37:00,1.08977,1.09048,1.0879,1.08815,2986
2026-06-14 23:38:00,1.08815,1.08909,1.08784,1.08896,3870
2026-06-14 23:39:00,1.08896,1.09132,1.08873,1.09105,3334
2026-06-14 23:40:00,1.09105,1.09106,1.09105,1.09105,3923
2026-06-14 23:41:00,1.09105,1.09124,1.09019,1.0904,3044
2026-06-14 23:42:00,1.0904,1.09262,1.08991,1.09229,2216
2026-06-14 23:43:00,1.09229,1.0925,1.09164,1.09172,985
2026-06-14 23:44:00,1.09172,1.09194,1.09107,1.09122,831
2026-06-14 23:45:00,1.09122,1.09161,1.09113,1.0915,3795
2026-06-14 23:46:00,1.0915,1.09157,1.0898,1.09009,272
2026-06-14 23:47:00,1.09009,1.09131,1.08993,1.09093,1676
2026-06-14 23:48:00,1.09093,1.0913,1.08905,1.08956,948
2026-06-14 23:49:00,1.08956,1.0902,1.08676,1.08741,3439
2026-06-14 23:50:00,1.08741,1.08745,1.08615,1.08622,211
2026-06-14 23:51:00,1.08622,1.08625,1.08403,1.0847,4936
2026-06-14 23:52:00,1.0847,1.08525,1.08268,1.08314,3122
2026-06-14 23:53:00,1.08314,1.08331,1.08141,1.08197,1409
2026-06-14 23:54:00,1.08197,1.083,1.07941,1.0799,4411
2026-06-14 23:55:00,1.0799,1.08061,1.07761,1.0783,4805
2026-06-14 23:56:00,1.0783,1.08007,1.07815,1.07992,2220
2026-06-14 23:57:00,1.07992,1.08006,1.07893,1.07898,829
2026-06-14 23:58:00,1.07898,1.07991,1.07879,1.07983,1762
2026-06-14 23:59:00,1.07983,1.08014,1.07807,1.07853,663
